LocationID,AccountID,PolicyID,Region,State,PostalCode,Latitude,Longitude,HazardZoneID,Occupancy,ConstructionCode,YearBuilt,NumberOfStories,BuildingTIV_USD,ContentsTIV_USD,BusinessInterruptionTIV_USD,TotalTIV_USD
LOC000001,ACC0023,POL00303,East,NJ,65302,35.78569,-73.8447,HZ-E-18,Residential,WOOD,1961,7,3210288,596778,256787,4063853
LOC000002,ACC0057,POL00230,South,LA,87236,31.44418,-85.9735,HZ-S-14,Industrial,WOOD,1970,14,211299,1197016,208496,1616811
LOC000003,ACC0155,POL00136,South,FL,15695,25.83471,-98.06567,HZ-S-12,Hospitality,WOOD,1998,3,1003091,725889,107175,1836155
LOC000004,ACC0075,POL00041,East,NC,40512,35.53831,-78.51311,HZ-E-08,Residential,CONCRETE,1985,15,2694259,778403,605397,4078059
LOC000005,ACC0156,POL00326,East,VA,32431,35.67606,-77.13116,HZ-E-03,Commercial,MASONRY,2009,13,782220,796325,372528,1951073
LOC000006,ACC0059,POL00017,South,LA,51347,31.16153,-83.14296,HZ-S-02,Hospitality,STEEL,1958,7,2986360,1188008,230283,4404651
LOC000007,ACC0037,POL00136,Central,OK,28301,40.89895,-94.06552,HZ-C-15,Commercial,STEEL,2024,14,3775752,679927,222955,4678634
LOC000008,ACC0029,POL00079,Central,MO,92240,39.58574,-98.63636,HZ-C-02,Commercial,CONCRETE,1958,13,1618323,479948,145051,2243322
LOC000009,ACC0175,POL00275,East,VA,44973,40.88624,-78.91963,HZ-E-04,Industrial,WOOD,1987,14,2319266,547253,580099,3446618
LOC000010,ACC0161,POL00153,North,NY,93748,43.80981,-74.92318,HZ-N-04,Commercial,MASONRY,1997,6,3128673,572366,524902,4225941
LOC000011,ACC0079,POL00123,East,NC,17592,36.59325,-78.86366,HZ-E-12,Commercial,WOOD,1960,16,3952440,21199,628038,4601677
LOC000012,ACC0068,POL00271,West,WA,89507,42.55601,-115.47836,HZ-W-06,Hospitality,MASONRY,2019,7,3312142,283738,134628,3730508
LOC000013,ACC0058,POL00033,West,OR,54313,46.39383,-119.93662,HZ-W-08,Residential,MASONRY,2025,8,2917259,803119,459381,4179759
LOC000014,ACC0019,POL00264,North,PA,41195,40.337,-79.68587,HZ-N-11,Industrial,CONCRETE,1977,18,2747037,143467,240062,3130566
LOC000015,ACC0025,POL00050,North,PA,96374,43.9231,-71.92503,HZ-N-07,Hospitality,STEEL,2004,14,2516806,1011262,254801,3782869
LOC000016,ACC0064,POL00099,East,NC,34931,37.22097,-76.62488,HZ-E-04,Hospitality,MASONRY,2004,6,327210,226397,63556,617163
LOC000017,ACC0013,POL00334,South,FL,80855,32.2722,-82.88066,HZ-S-04,Residential,WOOD,1980,6,3767859,178093,464656,4410608
LOC000018,ACC0068,POL00233,East,VA,47388,35.3171,-78.98491,HZ-E-13,Hospitality,CONCRETE,1969,7,996521,861042,61483,1919046
LOC000019,ACC0123,POL00258,South,FL,79615,31.73178,-98.85669,HZ-S-19,Commercial,WOOD,2015,3,2529258,1157065,63918,3750241
LOC000020,ACC0064,POL00297,Central,IL,87924,42.75637,-93.94337,HZ-C-19,Residential,WOOD,2003,19,2595758,162524,708011,3466293
LOC000021,ACC0034,POL00344,East,VA,94607,39.72953,-77.3292,HZ-E-13,Industrial,CONCRETE,1990,3,1193730,448362,702258,2344350
LOC000022,ACC0090,POL00036,North,PA,42018,42.68817,-74.94115,HZ-N-05,Industrial,STEEL,1970,15,2461366,229675,76819,2767860
LOC000023,ACC0035,POL00136,Central,OK,25129,41.01077,-91.68097,HZ-C-04,Residential,MASONRY,1984,10,1368848,1129269,8203,2506320
LOC000024,ACC0065,POL00027,East,NC,22097,39.0739,-77.15211,HZ-E-16,Hospitality,STEEL,1955,1,1538144,446974,720892,2706010
LOC000025,ACC0144,POL00005,South,FL,24663,31.67108,-88.96639,HZ-S-14,Residential,MASONRY,2019,2,2772247,569360,169430,3511037
LOC000026,ACC0092,POL00108,Central,OK,99399,36.14701,-95.37612,HZ-C-02,Commercial,WOOD,1995,18,2417458,330575,450664,3198697
LOC000027,ACC0106,POL00013,Central,MO,33509,42.78145,-85.35691,HZ-C-06,Industrial,CONCRETE,1981,9,2703243,344121,248237,3295601
LOC000028,ACC0090,POL00157,North,PA,39831,44.29297,-77.77566,HZ-N-15,Commercial,WOOD,1974,13,553385,822248,40605,1416238
LOC000029,ACC0085,POL00015,South,FL,25118,30.77334,-92.00643,HZ-S-18,Industrial,MASONRY,2024,9,3343567,605367,368203,4317137
LOC000030,ACC0030,POL00198,North,PA,85574,43.93214,-75.63606,HZ-N-17,Commercial,STEEL,1955,14,1922692,744958,763934,3431584
LOC000031,ACC0160,POL00161,North,PA,96951,42.15649,-70.51126,HZ-N-11,Residential,STEEL,2014,10,2980887,433212,381913,3796012
LOC000032,ACC0174,POL00090,West,OR,90676,34.0366,-120.21598,HZ-W-13,Industrial,CONCRETE,2020,1,1787789,640033,581343,3009165
LOC000033,ACC0122,POL00087,South,FL,96356,28.97607,-86.48746,HZ-S-17,Residential,STEEL,2015,20,1903081,695805,487575,3086461
LOC000034,ACC0063,POL00244,South,FL,90120,32.25907,-97.05292,HZ-S-02,Residential,CONCRETE,2003,19,2921909,670996,235552,3828457
LOC000035,ACC0028,POL00218,South,LA,38683,27.19586,-86.87884,HZ-S-01,Commercial,CONCRETE,1956,18,1710522,1056784,419066,3186372
LOC000036,ACC0082,POL00227,South,FL,90301,31.0082,-80.24215,HZ-S-20,Hospitality,CONCRETE,1970,16,2014539,299632,487213,2801384
LOC000037,ACC0020,POL00147,East,NJ,40735,37.87678,-77.32528,HZ-E-15,Industrial,STEEL,1990,18,3622640,601564,546622,4770826
LOC000038,ACC0105,POL00170,North,NY,81121,40.76403,-77.86047,HZ-N-14,Hospitality,CONCRETE,1957,7,1069980,823283,727659,2620922
LOC000039,ACC0077,POL00200,Central,MO,64921,38.42343,-99.91156,HZ-C-12,Commercial,CONCRETE,1978,9,3895167,60961,603655,4559783
LOC000040,ACC0120,POL00066,East,NJ,91560,39.43314,-76.16978,HZ-E-06,Residential,CONCRETE,2025,19,1730985,724914,701364,3157263
LOC000041,ACC0098,POL00168,West,CA,37742,45.86962,-122.36444,HZ-W-09,Hospitality,STEEL,1993,13,2795887,918866,142291,3857044
LOC000042,ACC0058,POL00333,South,TX,18993,25.17445,-89.21162,HZ-S-12,Residential,WOOD,1981,7,1158103,191769,493152,1843024
LOC000043,ACC0120,POL00132,Central,OK,58351,39.26205,-98.28416,HZ-C-07,Commercial,WOOD,1970,10,739137,520265,132352,1391754
LOC000044,ACC0051,POL00039,North,NY,87607,43.38674,-70.41827,HZ-N-13,Commercial,WOOD,1988,20,3996035,674221,603766,5274022
LOC000045,ACC0130,POL00332,West,WA,54725,40.52392,-118.04631,HZ-W-03,Residential,CONCRETE,2012,4,3382610,106128,364069,3852807
LOC000046,ACC0167,POL00139,East,VA,90728,35.22393,-77.76704,HZ-E-17,Hospitality,CONCRETE,2005,19,2765837,984143,741666,4491646
LOC000047,ACC0146,POL00313,South,FL,97580,32.93468,-95.12273,HZ-S-15,Hospitality,STEEL,1953,16,3584338,201745,292477,4078560
LOC000048,ACC0180,POL00142,Central,IL,82848,42.18049,-94.89492,HZ-C-20,Residential,MASONRY,1960,8,2144932,464847,372060,2981839
LOC000049,ACC0005,POL00048,West,OR,48566,39.61749,-117.59342,HZ-W-15,Commercial,CONCRETE,1981,10,2428577,523995,724156,3676728
LOC000050,ACC0085,POL00181,West,OR,69473,37.50012,-115.03032,HZ-W-18,Industrial,STEEL,1982,8,2084998,1180716,556711,3822425
LOC000051,ACC0050,POL00111,North,NY,73464,42.67932,-72.3781,HZ-N-06,Industrial,STEEL,1962,7,1423504,270724,778967,2473195
LOC000052,ACC0014,POL00284,South,TX,48290,31.37217,-97.46834,HZ-S-02,Commercial,CONCRETE,1963,1,852632,653901,14835,1521368
LOC000053,ACC0030,POL00034,East,VA,62521,35.47491,-78.64036,HZ-E-16,Hospitality,WOOD,2023,2,2107872,943730,357256,3408858
LOC000054,ACC0153,POL00317,North,PA,39581,40.59226,-72.35557,HZ-N-20,Hospitality,CONCRETE,2006,10,1374378,198637,260247,1833262
LOC000055,ACC0161,POL00109,Central,MO,44687,43.64098,-98.5115,HZ-C-07,Residential,MASONRY,1980,6,1380857,146312,639244,2166413
LOC000056,ACC0060,POL00148,East,NJ,47056,39.51497,-75.71061,HZ-E-02,Hospitality,WOOD,1979,9,111222,876723,472387,1460332
LOC000057,ACC0069,POL00073,West,WA,19359,33.83642,-121.97671,HZ-W-05,Residential,MASONRY,1989,20,2573756,434856,445790,3454402
LOC000058,ACC0070,POL00257,West,WA,80776,33.98966,-117.8019,HZ-W-13,Hospitality,CONCRETE,1960,20,3963761,625260,460485,5049506
LOC000059,ACC0151,POL00011,North,MA,98117,41.25184,-79.08673,HZ-N-19,Industrial,WOOD,1972,16,3180858,695957,633039,4509854
LOC000060,ACC0024,POL00241,East,VA,55607,41.97556,-75.94881,HZ-E-16,Hospitality,STEEL,1991,4,3942287,603336,190305,4735928
LOC000061,ACC0010,POL00233,Central,MO,21542,40.96325,-93.99322,HZ-C-18,Industrial,STEEL,1991,4,1826564,1059073,302218,3187855
LOC000062,ACC0014,POL00097,Central,MO,77952,40.91894,-91.8611,HZ-C-14,Industrial,CONCRETE,2006,2,3727697,1099186,1206,4828089
LOC000063,ACC0162,POL00312,South,LA,41365,32.92762,-90.30576,HZ-S-01,Commercial,STEEL,2020,1,649509,624040,459398,1732947
LOC000064,ACC0128,POL00150,East,NJ,76698,41.57649,-74.46603,HZ-E-05,Industrial,CONCRETE,2011,16,1042462,257945,483863,1784270
LOC000065,ACC0018,POL00142,South,LA,64387,33.29681,-89.83518,HZ-S-05,Industrial,STEEL,1950,10,706672,824438,199869,1730979
LOC000066,ACC0142,POL00279,West,WA,59441,39.14476,-119.64093,HZ-W-11,Hospitality,STEEL,1974,8,2532374,1046850,155813,3735037
LOC000067,ACC0099,POL00340,East,NJ,95461,36.54541,-75.68917,HZ-E-13,Commercial,CONCRETE,1954,5,3690378,881457,45767,4617602
LOC000068,ACC0037,POL00210,East,NC,95823,34.79769,-72.62691,HZ-E-01,Commercial,WOOD,2010,9,1492486,230479,461694,2184659
LOC000069,ACC0082,POL00321,South,LA,73956,32.67107,-82.81316,HZ-S-13,Residential,WOOD,1980,10,1767165,188433,344525,2300123
LOC000070,ACC0114,POL00086,Central,OK,49251,41.84333,-89.44164,HZ-C-04,Residential,WOOD,1991,2,479078,930104,103225,1512407
LOC000071,ACC0044,POL00090,South,TX,20350,29.7805,-88.68144,HZ-S-06,Hospitality,MASONRY,2013,19,1906431,325281,256059,2487771
LOC000072,ACC0074,POL00347,North,MA,81643,41.27663,-79.90603,HZ-N-15,Commercial,WOOD,2006,12,2775565,552629,481894,3810088
LOC000073,ACC0099,POL00248,Central,MO,23979,37.25088,-87.32044,HZ-C-07,Commercial,CONCRETE,2023,12,2779903,909840,723846,4413589
LOC000074,ACC0156,POL00255,East,NC,47512,37.16645,-78.94331,HZ-E-02,Commercial,STEEL,1978,7,1338287,66010,690203,2094500
LOC000075,ACC0080,POL00226,East,NC,14373,34.77731,-74.60779,HZ-E-02,Industrial,MASONRY,1961,10,3269120,306846,658765,4234731
LOC000076,ACC0136,POL00257,South,TX,45720,32.07862,-82.47079,HZ-S-12,Commercial,STEEL,2011,10,836687,441097,138579,1416363
LOC000077,ACC0174,POL00346,West,OR,62089,47.40629,-122.73319,HZ-W-08,Industrial,WOOD,2000,1,3473195,261528,491081,4225804
LOC000078,ACC0164,POL00191,South,FL,24201,31.7411,-94.75677,HZ-S-13,Commercial,CONCRETE,1953,20,2007510,792980,705511,3506001
LOC000079,ACC0167,POL00210,Central,OK,25292,35.56895,-87.64217,HZ-C-10,Commercial,WOOD,1954,10,1475758,484240,679112,2639110
LOC000080,ACC0108,POL00301,Central,IL,30253,36.22098,-93.19534,HZ-C-18,Hospitality,WOOD,2012,20,507652,512411,563658,1583721
LOC000081,ACC0026,POL00189,East,VA,81364,37.54706,-72.34611,HZ-E-12,Industrial,WOOD,2000,9,237222,797057,227823,1262102
LOC000082,ACC0006,POL00026,South,FL,53713,30.96492,-87.16591,HZ-S-20,Commercial,MASONRY,2022,7,3656908,973611,96126,4726645
LOC000083,ACC0001,POL00142,North,PA,28964,41.6428,-78.52446,HZ-N-20,Commercial,STEEL,1972,4,968880,472882,244316,1686078
LOC000084,ACC0005,POL00090,West,CA,44782,44.63975,-121.85862,HZ-W-11,Residential,MASONRY,2003,17,652822,51164,375644,1079630
LOC000085,ACC0057,POL00315,North,NY,15683,42.56619,-78.90946,HZ-N-17,Industrial,CONCRETE,1953,2,2097520,960101,379625,3437246
LOC000086,ACC0083,POL00312,Central,MO,29442,41.41161,-93.34657,HZ-C-03,Residential,MASONRY,1985,20,1887921,246412,514084,2648417
LOC000087,ACC0130,POL00310,East,NC,66387,41.95702,-75.2861,HZ-E-15,Residential,WOOD,2020,7,3086985,701963,399407,4188355
LOC000088,ACC0110,POL00161,East,NJ,97177,37.18984,-73.89271,HZ-E-11,Industrial,STEEL,1969,16,1835659,730791,475528,3041978
LOC000089,ACC0143,POL00031,North,NY,86869,43.72294,-76.27353,HZ-N-05,Industrial,WOOD,2002,12,491035,925710,101255,1518000
LOC000090,ACC0130,POL00109,Central,MO,30280,40.40369,-94.72531,HZ-C-19,Hospitality,MASONRY,1963,12,3741042,127890,301601,4170533
LOC000091,ACC0160,POL00315,Central,MO,98470,37.03543,-93.56331,HZ-C-18,Residential,STEEL,1953,6,581863,604199,601987,1788049
LOC000092,ACC0169,POL00206,South,TX,19120,25.05495,-82.60275,HZ-S-19,Commercial,WOOD,1961,17,3965208,732663,368074,5065945
LOC000093,ACC0153,POL00044,South,TX,16895,28.33048,-85.56808,HZ-S-19,Commercial,MASONRY,1956,3,2002728,734910,165055,2902693
LOC000094,ACC0030,POL00177,South,LA,66349,28.9784,-94.53666,HZ-S-17,Residential,STEEL,2025,16,1878446,1038506,636565,3553517
LOC000095,ACC0078,POL00109,East,VA,27987,41.87557,-78.61653,HZ-E-07,Industrial,STEEL,1991,4,290494,482460,414463,1187417
LOC000096,ACC0144,POL00343,North,PA,56421,41.90104,-72.96329,HZ-N-17,Residential,CONCRETE,1955,14,1906298,388458,135461,2430217
LOC000097,ACC0075,POL00059,North,NY,63088,42.14642,-75.95577,HZ-N-14,Residential,STEEL,1971,20,3715951,676535,603727,4996213
LOC000098,ACC0151,POL00206,East,NC,78676,37.49369,-78.25896,HZ-E-14,Residential,CONCRETE,1989,11,3957793,778860,92410,4829063
LOC000099,ACC0090,POL00331,South,FL,29358,26.02624,-89.80096,HZ-S-12,Commercial,WOOD,1968,9,420358,1090561,663984,2174903
LOC000100,ACC0145,POL00297,South,LA,68838,33.56163,-87.44102,HZ-S-15,Industrial,STEEL,1969,15,741182,178027,185751,1104960
LOC000101,ACC0080,POL00237,North,MA,69233,42.9571,-76.48058,HZ-N-03,Residential,WOOD,1997,10,2748221,655060,288016,3691297
LOC000102,ACC0116,POL00293,North,NY,95437,42.31356,-74.45684,HZ-N-02,Commercial,STEEL,2010,17,2679532,1083398,403159,4166089
LOC000103,ACC0011,POL00127,North,NY,67377,44.91193,-79.15671,HZ-N-06,Hospitality,MASONRY,1996,12,1989630,237059,360120,2586809
LOC000104,ACC0017,POL00169,Central,MO,22387,40.38097,-88.1616,HZ-C-11,Hospitality,STEEL,1982,20,1814503,729607,711875,3255985
LOC000105,ACC0034,POL00305,Central,MO,21104,37.79209,-90.15918,HZ-C-13,Industrial,CONCRETE,1992,5,441844,316596,366813,1125253
LOC000106,ACC0005,POL00186,West,WA,50483,42.3364,-120.18934,HZ-W-12,Commercial,MASONRY,1993,16,2974836,1123926,97992,4196754
LOC000107,ACC0135,POL00020,South,FL,96760,32.59986,-97.97718,HZ-S-18,Industrial,MASONRY,1998,5,749887,181826,310160,1241873
LOC000108,ACC0114,POL00313,South,LA,47346,28.93906,-91.78283,HZ-S-08,Hospitality,MASONRY,2018,8,3334218,367160,756215,4457593
LOC000109,ACC0119,POL00145,South,TX,60052,31.10476,-88.59161,HZ-S-15,Hospitality,MASONRY,1975,20,3891543,426881,385709,4704133
LOC000110,ACC0032,POL00146,North,MA,20993,42.7727,-78.9741,HZ-N-17,Commercial,STEEL,2007,17,318857,1027871,389244,1735972
LOC000111,ACC0014,POL00203,North,MA,75799,44.42315,-70.69528,HZ-N-14,Industrial,MASONRY,1999,3,484674,485647,473041,1443362
LOC000112,ACC0010,POL00147,East,NJ,71925,39.19969,-73.46034,HZ-E-05,Commercial,CONCRETE,2007,20,1436661,227792,749421,2413874
LOC000113,ACC0136,POL00217,North,NY,24573,44.17482,-74.51196,HZ-N-20,Industrial,MASONRY,1988,4,179708,556711,226130,962549
LOC000114,ACC0138,POL00009,North,MA,92831,40.55429,-70.94853,HZ-N-20,Commercial,MASONRY,1987,14,2779957,978636,65858,3824451
LOC000115,ACC0018,POL00270,North,MA,81313,43.32186,-79.14386,HZ-N-12,Residential,CONCRETE,2010,2,1108999,893605,196412,2199016
LOC000116,ACC0149,POL00171,East,VA,27486,40.30816,-76.58638,HZ-E-04,Residential,STEEL,2019,11,1163886,54062,374440,1592388
LOC000117,ACC0017,POL00235,West,CA,14847,39.6565,-122.3595,HZ-W-05,Industrial,MASONRY,1955,7,3582881,994384,729168,5306433
LOC000118,ACC0010,POL00332,Central,MO,35048,43.9021,-91.85454,HZ-C-09,Industrial,STEEL,1956,11,1400552,1100837,417568,2918957
LOC000119,ACC0048,POL00255,South,TX,75211,28.95763,-80.87043,HZ-S-11,Industrial,STEEL,1960,14,1932706,858906,779414,3571026
LOC000120,ACC0170,POL00152,North,PA,50173,41.46883,-78.97402,HZ-N-11,Hospitality,CONCRETE,1971,15,3549149,398444,571971,4519564
LOC000121,ACC0020,POL00344,South,FL,93560,33.98336,-94.50889,HZ-S-02,Hospitality,STEEL,2015,6,3148480,759370,644718,4552568
LOC000122,ACC0093,POL00197,Central,IL,84349,36.13607,-96.46007,HZ-C-12,Residential,MASONRY,2007,12,3659577,938915,36489,4634981
LOC000123,ACC0064,POL00059,East,NJ,13396,36.9356,-76.7993,HZ-E-09,Commercial,CONCRETE,2016,13,2507202,308767,555178,3371147
LOC000124,ACC0178,POL00252,Central,IL,36237,39.01646,-85.05452,HZ-C-10,Residential,MASONRY,1959,15,1197970,565867,738237,2502074
LOC000125,ACC0017,POL00282,South,LA,81063,33.70805,-80.26851,HZ-S-12,Industrial,STEEL,1970,6,1966931,204110,715054,2886095
LOC000126,ACC0007,POL00185,West,WA,82616,44.67305,-121.86937,HZ-W-16,Industrial,CONCRETE,2020,5,1040537,274515,210743,1525795
LOC000127,ACC0106,POL00210,East,NJ,85353,41.99676,-73.96791,HZ-E-17,Residential,MASONRY,1990,3,375767,668629,417500,1461896
LOC000128,ACC0047,POL00067,East,NC,66704,41.02368,-73.53816,HZ-E-19,Residential,WOOD,2016,5,2269965,742499,134568,3147032
LOC000129,ACC0021,POL00129,South,FL,35729,33.52735,-89.62204,HZ-S-10,Industrial,MASONRY,1988,20,1453337,492845,362831,2309013
LOC000130,ACC0155,POL00173,East,NC,83874,41.53286,-77.92064,HZ-E-20,Residential,WOOD,1960,2,2788496,373655,620556,3782707
LOC000131,ACC0161,POL00280,Central,OK,47967,38.74928,-90.41513,HZ-C-16,Industrial,CONCRETE,1981,13,1210047,462097,599929,2272073
LOC000132,ACC0088,POL00311,South,FL,28830,28.95645,-90.31498,HZ-S-07,Industrial,STEEL,1994,13,2988254,145646,165759,3299659
LOC000133,ACC0116,POL00127,North,MA,28465,41.59558,-75.33527,HZ-N-09,Residential,WOOD,1987,13,2259983,1197867,111341,3569191
LOC000134,ACC0041,POL00256,Central,MO,77466,43.40376,-89.18307,HZ-C-07,Hospitality,CONCRETE,1989,16,1141321,354914,343341,1839576
LOC000135,ACC0073,POL00254,North,MA,88317,41.07572,-76.47105,HZ-N-02,Hospitality,STEEL,2018,1,2219987,978882,252422,3451291
LOC000136,ACC0103,POL00027,Central,MO,84747,38.292,-93.95119,HZ-C-02,Commercial,STEEL,2020,10,661763,574639,762847,1999249
LOC000137,ACC0031,POL00066,North,PA,22672,44.12656,-73.76758,HZ-N-20,Hospitality,STEEL,1993,18,1988923,1173133,293308,3455364
LOC000138,ACC0086,POL00243,Central,IL,78069,39.5007,-99.32045,HZ-C-05,Hospitality,MASONRY,2015,5,934909,1087707,420884,2443500
LOC000139,ACC0152,POL00173,South,LA,76494,33.91554,-85.21361,HZ-S-10,Hospitality,STEEL,2010,1,1436011,360791,412042,2208844
LOC000140,ACC0153,POL00243,East,NC,44803,36.46142,-72.70863,HZ-E-01,Commercial,WOOD,2024,16,559714,893548,612056,2065318
LOC000141,ACC0180,POL00057,South,LA,35006,32.39495,-95.15607,HZ-S-19,Residential,CONCRETE,1990,14,3124860,817316,154954,4097130
LOC000142,ACC0036,POL00266,North,PA,37176,43.87486,-70.79479,HZ-N-02,Industrial,CONCRETE,2017,13,955183,880623,526195,2362001
LOC000143,ACC0157,POL00248,South,FL,35200,29.91646,-86.48263,HZ-S-09,Commercial,STEEL,2021,10,2027968,1138048,358955,3524971
LOC000144,ACC0123,POL00179,South,TX,83464,26.8655,-85.90023,HZ-S-11,Industrial,STEEL,1965,19,3334539,626085,739142,4699766
LOC000145,ACC0011,POL00148,West,OR,20358,47.27374,-116.75846,HZ-W-10,Industrial,CONCRETE,1982,16,3857091,847394,361899,5066384
LOC000146,ACC0062,POL00125,South,LA,16653,27.44459,-97.81547,HZ-S-19,Commercial,MASONRY,1956,4,1237213,1198637,729988,3165838
LOC000147,ACC0041,POL00209,East,NC,95575,40.16613,-78.96373,HZ-E-18,Hospitality,CONCRETE,1975,10,2081405,230857,714281,3026543
LOC000148,ACC0045,POL00214,South,LA,33040,30.1672,-89.29695,HZ-S-02,Residential,CONCRETE,2013,6,348145,207612,683984,1239741
LOC000149,ACC0073,POL00233,Central,MO,94058,37.68553,-90.95826,HZ-C-11,Hospitality,MASONRY,2014,15,3777327,98572,9717,3885616
LOC000150,ACC0004,POL00173,South,FL,48669,29.13023,-94.8547,HZ-S-06,Commercial,MASONRY,2001,14,1486989,360775,766634,2614398
LOC000151,ACC0002,POL00134,East,NJ,60275,41.85348,-75.65782,HZ-E-08,Commercial,CONCRETE,1984,11,1781216,220037,193757,2195010
LOC000152,ACC0171,POL00061,South,LA,71000,30.88315,-86.14463,HZ-S-02,Industrial,MASONRY,2001,17,2502821,43982,274258,2821061
LOC000153,ACC0095,POL00315,Central,OK,38947,36.05674,-86.25804,HZ-C-10,Commercial,MASONRY,2011,5,3328947,672168,723821,4724936
LOC000154,ACC0171,POL00112,East,NC,42435,38.39388,-75.7042,HZ-E-18,Residential,CONCRETE,2017,12,1667096,892091,736038,3295225
LOC000155,ACC0039,POL00085,North,PA,53007,44.51444,-77.97843,HZ-N-18,Hospitality,WOOD,1976,19,570637,149516,574251,1294404
LOC000156,ACC0015,POL00287,East,NC,70604,35.05555,-76.09203,HZ-E-19,Industrial,WOOD,2000,9,1968489,136676,475458,2580623
LOC000157,ACC0016,POL00036,West,WA,71875,38.77916,-117.69654,HZ-W-18,Residential,STEEL,2002,6,1013944,173154,47489,1234587
LOC000158,ACC0097,POL00042,West,WA,99486,47.88571,-120.55768,HZ-W-13,Commercial,STEEL,1965,6,3158861,901562,392650,4453073
LOC000159,ACC0077,POL00238,Central,MO,98276,43.80852,-87.47768,HZ-C-01,Hospitality,CONCRETE,1979,8,2318126,287066,763214,3368406
LOC000160,ACC0158,POL00009,East,NJ,41544,40.12392,-78.77448,HZ-E-14,Commercial,WOOD,1962,20,1256158,415272,760242,2431672
LOC000161,ACC0139,POL00112,North,PA,17398,43.70271,-75.97735,HZ-N-08,Commercial,STEEL,1979,19,2918671,122081,256622,3297374
LOC000162,ACC0057,POL00212,South,LA,49387,27.71588,-97.13479,HZ-S-17,Industrial,WOOD,2021,19,3340260,692483,248411,4281154
LOC000163,ACC0135,POL00164,Central,IL,64568,39.46059,-85.41565,HZ-C-13,Hospitality,MASONRY,1988,13,2725605,915904,582851,4224360
LOC000164,ACC0015,POL00288,South,LA,64090,27.70663,-85.84846,HZ-S-15,Hospitality,MASONRY,1999,8,2086081,525346,236290,2847717
LOC000165,ACC0014,POL00138,South,TX,59436,32.6242,-98.15072,HZ-S-07,Residential,WOOD,1974,19,2812480,185822,471635,3469937
LOC000166,ACC0055,POL00098,West,WA,25376,45.91158,-121.00332,HZ-W-01,Hospitality,MASONRY,1976,13,1010233,1025362,219036,2254631
LOC000167,ACC0067,POL00185,Central,OK,77215,39.19625,-90.26918,HZ-C-10,Hospitality,CONCRETE,1962,16,1448951,613618,399152,2461721
LOC000168,ACC0038,POL00009,West,OR,44180,37.00675,-123.58856,HZ-W-08,Hospitality,STEEL,1969,7,3934980,445989,388712,4769681
LOC000169,ACC0066,POL00251,South,TX,94108,29.95578,-81.13071,HZ-S-11,Hospitality,CONCRETE,1971,12,2489870,535333,523555,3548758
LOC000170,ACC0135,POL00018,South,LA,19742,33.25209,-89.15726,HZ-S-02,Residential,WOOD,2002,5,2392381,1044073,192988,3629442
LOC000171,ACC0159,POL00327,Central,IL,97392,36.96848,-93.15986,HZ-C-02,Hospitality,CONCRETE,1952,1,385078,336732,9585,731395
LOC000172,ACC0005,POL00258,East,VA,98346,39.77754,-75.24983,HZ-E-10,Hospitality,MASONRY,1963,4,149706,55077,555134,759917
LOC000173,ACC0021,POL00192,East,NJ,63218,40.52172,-77.12873,HZ-E-13,Hospitality,MASONRY,1978,10,905021,1124058,264679,2293758
LOC000174,ACC0015,POL00327,West,CA,11238,38.48445,-120.60547,HZ-W-16,Commercial,WOOD,2013,14,2841966,86447,98042,3026455
LOC000175,ACC0122,POL00139,West,OR,16102,46.70644,-121.9321,HZ-W-19,Residential,STEEL,2019,19,2473374,219988,553815,3247177
LOC000176,ACC0020,POL00154,West,CA,31292,47.38351,-118.71668,HZ-W-13,Commercial,CONCRETE,2019,11,3995528,679522,16418,4691468
LOC000177,ACC0112,POL00119,East,NC,19963,39.96365,-76.57898,HZ-E-04,Industrial,CONCRETE,1991,1,686995,184474,525119,1396588
LOC000178,ACC0175,POL00300,East,VA,96595,38.4243,-76.37201,HZ-E-06,Hospitality,WOOD,1987,8,2157740,498440,373095,3029275
LOC000179,ACC0082,POL00185,West,CA,23965,43.38683,-118.29489,HZ-W-13,Residential,WOOD,1989,15,1223956,343424,398458,1965838
LOC000180,ACC0132,POL00209,South,TX,23538,26.68653,-91.02313,HZ-S-18,Residential,WOOD,1995,18,528789,297887,91537,918213
LOC000181,ACC0144,POL00125,North,PA,84967,40.0617,-75.8619,HZ-N-03,Commercial,CONCRETE,1971,5,3390174,700379,403951,4494504
LOC000182,ACC0124,POL00040,South,TX,57333,26.50487,-94.48076,HZ-S-10,Industrial,MASONRY,2013,20,2168311,326047,66340,2560698
LOC000183,ACC0098,POL00169,East,VA,67700,34.05414,-76.23016,HZ-E-20,Industrial,CONCRETE,1967,10,548674,304142,319457,1172273
LOC000184,ACC0075,POL00325,South,LA,74357,26.59874,-92.03521,HZ-S-11,Commercial,STEEL,1998,9,942432,1024556,329445,2296433
LOC000185,ACC0175,POL00282,West,OR,13527,35.1968,-115.02462,HZ-W-06,Hospitality,MASONRY,2006,10,1630986,258840,591240,2481066
LOC000186,ACC0065,POL00338,Central,IL,30203,39.49373,-90.49996,HZ-C-08,Hospitality,CONCRETE,1959,15,3534990,878032,705668,5118690
LOC000187,ACC0140,POL00019,Central,MO,57124,39.55951,-86.19412,HZ-C-14,Residential,WOOD,1981,12,2542108,860549,560324,3962981
LOC000188,ACC0003,POL00051,South,LA,43913,27.98437,-84.07538,HZ-S-04,Commercial,MASONRY,2007,12,285793,858059,789245,1933097
LOC000189,ACC0076,POL00213,East,NC,21253,36.75974,-78.82806,HZ-E-04,Residential,MASONRY,1994,10,2568725,1069552,158067,3796344
LOC000190,ACC0082,POL00035,South,FL,49356,29.28546,-91.23668,HZ-S-15,Residential,WOOD,1952,11,2285714,1032769,365219,3683702
LOC000191,ACC0085,POL00287,West,WA,65885,35.90261,-122.42992,HZ-W-06,Hospitality,MASONRY,2001,6,3455653,364675,776459,4596787
LOC000192,ACC0152,POL00220,South,LA,60965,31.6365,-82.33805,HZ-S-15,Residential,MASONRY,1976,9,1912503,849596,30610,2792709
LOC000193,ACC0030,POL00135,West,CA,97910,34.99136,-121.06614,HZ-W-15,Hospitality,STEEL,1999,20,2521572,233389,562968,3317929
LOC000194,ACC0158,POL00303,East,NJ,21108,38.9389,-73.30383,HZ-E-10,Commercial,STEEL,1965,8,1559301,758165,480101,2797567
LOC000195,ACC0099,POL00217,South,FL,34347,28.49617,-88.07148,HZ-S-19,Hospitality,MASONRY,2021,6,1665759,316450,535638,2517847
LOC000196,ACC0125,POL00070,East,NJ,35575,38.95528,-72.94134,HZ-E-01,Hospitality,CONCRETE,2002,16,884748,679722,472908,2037378
LOC000197,ACC0075,POL00017,East,VA,46025,38.52318,-73.42883,HZ-E-08,Commercial,STEEL,1971,15,2149754,370755,86686,2607195
LOC000198,ACC0094,POL00278,East,VA,15453,38.58171,-77.12478,HZ-E-18,Hospitality,MASONRY,2004,4,2405718,1091237,118710,3615665
LOC000199,ACC0090,POL00045,West,WA,67549,45.99696,-123.70993,HZ-W-09,Residential,MASONRY,1976,19,3251371,539111,312170,4102652
LOC000200,ACC0016,POL00292,West,WA,55982,41.85842,-116.93636,HZ-W-07,Industrial,MASONRY,1991,10,2659623,917931,174044,3751598
LOC000201,ACC0016,POL00142,South,TX,95969,32.33663,-97.28822,HZ-S-14,Commercial,MASONRY,1981,5,3698783,1098806,712296,5509885
LOC000202,ACC0097,POL00232,West,CA,19898,34.27475,-118.30838,HZ-W-14,Residential,CONCRETE,2015,9,3293851,843553,513234,4650638
LOC000203,ACC0118,POL00326,West,OR,97050,41.31129,-116.17983,HZ-W-03,Industrial,WOOD,2018,13,2007131,1043503,343187,3393821
LOC000204,ACC0141,POL00296,South,TX,27117,27.41683,-83.43313,HZ-S-11,Hospitality,STEEL,1956,2,3559661,464284,518746,4542691
LOC000205,ACC0052,POL00068,North,MA,95196,42.20643,-79.99324,HZ-N-14,Industrial,MASONRY,1985,3,168288,280544,165657,614489
LOC000206,ACC0161,POL00157,West,OR,40689,46.4608,-122.51027,HZ-W-13,Hospitality,WOOD,1962,1,445696,799812,696787,1942295
LOC000207,ACC0031,POL00217,South,FL,27324,31.11984,-99.81426,HZ-S-11,Hospitality,WOOD,1979,13,656583,494356,544676,1695615
LOC000208,ACC0165,POL00347,North,NY,28724,44.40494,-78.62871,HZ-N-05,Residential,WOOD,1971,15,532858,677145,385416,1595419
LOC000209,ACC0023,POL00052,South,FL,28351,30.54468,-91.15232,HZ-S-07,Residential,CONCRETE,1994,14,2734358,337454,431709,3503521
LOC000210,ACC0156,POL00146,South,FL,13515,25.75824,-88.93207,HZ-S-20,Industrial,MASONRY,2016,20,1139291,600843,675933,2416067
LOC000211,ACC0127,POL00198,East,NC,24777,34.43655,-72.71461,HZ-E-08,Commercial,CONCRETE,1959,17,1743122,639796,677558,3060476
LOC000212,ACC0094,POL00280,Central,IL,99514,38.48154,-87.4154,HZ-C-14,Commercial,CONCRETE,1959,1,1614555,683691,138394,2436640
LOC000213,ACC0130,POL00147,East,NJ,92388,41.38063,-72.35924,HZ-E-13,Hospitality,CONCRETE,2001,3,1199684,472445,41761,1713890
LOC000214,ACC0040,POL00275,West,WA,52827,33.33755,-123.28881,HZ-W-07,Hospitality,WOOD,1989,14,2683888,340194,290946,3315028
LOC000215,ACC0156,POL00029,West,CA,50539,46.79404,-122.95612,HZ-W-20,Commercial,WOOD,1951,5,342875,532711,90400,965986
LOC000216,ACC0043,POL00191,West,CA,26637,40.27557,-116.59744,HZ-W-09,Industrial,WOOD,1953,11,2182106,747093,548410,3477609
LOC000217,ACC0128,POL00234,West,OR,76949,43.39717,-118.81013,HZ-W-03,Industrial,WOOD,2013,19,2297203,153949,275722,2726874
LOC000218,ACC0001,POL00023,South,FL,11610,31.06708,-97.69333,HZ-S-17,Commercial,WOOD,2010,12,1170034,235807,601790,2007631
LOC000219,ACC0058,POL00165,East,NJ,42540,40.42492,-74.00185,HZ-E-14,Hospitality,STEEL,1984,3,850616,94162,579720,1524498
LOC000220,ACC0103,POL00036,East,NJ,70960,35.78548,-75.38958,HZ-E-02,Industrial,STEEL,1991,3,2205712,130461,188056,2524229
LOC000221,ACC0063,POL00238,East,NJ,58270,38.51045,-76.87263,HZ-E-20,Hospitality,MASONRY,2019,8,1647359,440837,305759,2393955
LOC000222,ACC0086,POL00001,North,MA,96154,41.73212,-71.60426,HZ-N-01,Hospitality,STEEL,1963,7,200286,508631,567851,1276768
LOC000223,ACC0024,POL00023,East,NJ,40339,41.78047,-78.00339,HZ-E-09,Hospitality,STEEL,2008,3,1860835,1051859,62804,2975498
LOC000224,ACC0061,POL00150,East,NC,44208,38.73517,-78.56402,HZ-E-05,Industrial,CONCRETE,1991,11,659997,847014,78465,1585476
LOC000225,ACC0028,POL00085,East,NJ,68925,40.2395,-74.90704,HZ-E-05,Hospitality,STEEL,2002,4,413261,445119,142723,1001103
LOC000226,ACC0176,POL00156,East,NJ,89076,36.12006,-78.16061,HZ-E-06,Residential,MASONRY,1991,5,1995477,666568,485854,3147899
LOC000227,ACC0008,POL00208,North,NY,69270,40.24475,-77.01159,HZ-N-06,Commercial,WOOD,2009,4,1592093,850984,538401,2981478
LOC000228,ACC0051,POL00206,West,CA,58790,45.28596,-115.15689,HZ-W-05,Residential,STEEL,1959,1,609411,45075,64664,719150
LOC000229,ACC0032,POL00022,Central,IL,70423,35.82781,-87.29087,HZ-C-11,Residential,MASONRY,2023,14,3885342,949942,135047,4970331
LOC000230,ACC0048,POL00141,Central,MO,46681,41.14892,-97.40789,HZ-C-07,Hospitality,MASONRY,1954,20,2180904,81828,401320,2664052
LOC000231,ACC0023,POL00144,East,NJ,60202,37.29594,-75.14518,HZ-E-02,Commercial,CONCRETE,1975,17,2814882,638880,523125,3976887
LOC000232,ACC0125,POL00177,South,LA,84141,32.03724,-92.81776,HZ-S-18,Industrial,CONCRETE,1984,6,3433826,60957,401078,3895861
LOC000233,ACC0092,POL00300,North,PA,40508,40.29296,-70.08469,HZ-N-17,Commercial,WOOD,1981,8,1018637,81453,294579,1394669
LOC000234,ACC0045,POL00091,South,LA,41005,32.61855,-84.05219,HZ-S-12,Industrial,STEEL,2025,1,334497,480139,603656,1418292
LOC000235,ACC0139,POL00159,West,OR,33010,47.1739,-116.46973,HZ-W-16,Hospitality,WOOD,1961,2,2480902,318010,590462,3389374
LOC000236,ACC0034,POL00175,South,FL,33260,25.00615,-81.64208,HZ-S-07,Industrial,WOOD,1952,5,183584,1124042,501207,1808833
LOC000237,ACC0170,POL00203,East,NJ,86810,40.88536,-72.27609,HZ-E-12,Residential,STEEL,1988,11,3347928,252617,551860,4152405
LOC000238,ACC0144,POL00315,North,NY,56769,44.80331,-73.5082,HZ-N-06,Commercial,MASONRY,1998,10,3171707,936179,670318,4778204
LOC000239,ACC0101,POL00291,West,OR,14244,32.02877,-117.68192,HZ-W-19,Commercial,STEEL,1978,19,634137,392681,764234,1791052
LOC000240,ACC0043,POL00326,North,MA,21629,40.38903,-76.5319,HZ-N-11,Industrial,CONCRETE,1951,9,689901,714510,781549,2185960
LOC000241,ACC0099,POL00225,South,LA,65004,32.08318,-85.59173,HZ-S-02,Commercial,CONCRETE,2013,13,384351,755012,269125,1408488
LOC000242,ACC0116,POL00038,South,TX,14379,30.85873,-86.25679,HZ-S-06,Industrial,WOOD,1990,9,525422,1025561,606135,2157118
LOC000243,ACC0087,POL00305,Central,IL,90431,36.44814,-98.87496,HZ-C-03,Hospitality,WOOD,2005,6,1533647,376736,393696,2304079
LOC000244,ACC0179,POL00284,East,VA,80795,36.64876,-72.17921,HZ-E-14,Industrial,STEEL,1988,8,758941,132314,106176,997431
LOC000245,ACC0023,POL00151,North,MA,96772,40.76795,-76.39171,HZ-N-14,Hospitality,MASONRY,1962,1,2498176,1172726,514796,4185698
LOC000246,ACC0121,POL00251,South,LA,96643,32.59392,-93.83293,HZ-S-13,Industrial,WOOD,2019,13,1323945,191832,496574,2012351
LOC000247,ACC0058,POL00138,South,TX,83956,25.40155,-91.20519,HZ-S-09,Residential,MASONRY,1962,3,1649382,411292,467429,2528103
LOC000248,ACC0108,POL00275,West,WA,72236,32.97574,-120.51605,HZ-W-17,Commercial,CONCRETE,1988,3,1836385,497128,580493,2914006
LOC000249,ACC0038,POL00062,East,NC,68856,41.20364,-73.39685,HZ-E-20,Commercial,MASONRY,1977,7,245661,1072983,598967,1917611
LOC000250,ACC0067,POL00164,North,MA,18783,44.98635,-73.72774,HZ-N-20,Residential,CONCRETE,2021,13,428701,933085,211727,1573513
LOC000251,ACC0108,POL00058,East,VA,64321,40.29241,-74.63859,HZ-E-17,Commercial,MASONRY,2022,19,2279730,980825,12964,3273519
LOC000252,ACC0089,POL00211,East,NJ,44620,40.23636,-73.49978,HZ-E-18,Hospitality,CONCRETE,2023,20,3979429,241532,590016,4810977
LOC000253,ACC0010,POL00203,East,NJ,53449,38.94596,-74.23431,HZ-E-13,Commercial,WOOD,2010,9,1255170,865097,150840,2271107
LOC000254,ACC0059,POL00069,Central,IL,49384,37.52312,-92.62571,HZ-C-04,Hospitality,STEEL,1984,14,1517113,655552,326053,2498718
LOC000255,ACC0133,POL00192,East,NJ,17367,41.30746,-76.14981,HZ-E-16,Commercial,WOOD,1989,17,888259,946346,221659,2056264
LOC000256,ACC0064,POL00017,East,NC,69827,35.54211,-73.16949,HZ-E-02,Residential,STEEL,1975,9,3788188,80708,182176,4051072
LOC000257,ACC0096,POL00251,East,VA,87862,41.38459,-74.23178,HZ-E-08,Hospitality,MASONRY,2010,19,2218653,852448,666275,3737376
LOC000258,ACC0099,POL00026,East,VA,31352,40.64696,-78.36726,HZ-E-01,Commercial,MASONRY,1978,7,785825,562449,785342,2133616
LOC000259,ACC0154,POL00005,South,TX,39329,25.08008,-81.76969,HZ-S-06,Industrial,STEEL,1985,14,2252857,62052,715338,3030247
LOC000260,ACC0102,POL00300,Central,MO,23410,39.20028,-89.84206,HZ-C-20,Residential,STEEL,2021,20,2025177,548479,228808,2802464
LOC000261,ACC0071,POL00134,East,VA,95998,34.5107,-72.08147,HZ-E-11,Industrial,MASONRY,1969,17,2970636,246711,505139,3722486
LOC000262,ACC0168,POL00255,West,CA,48745,37.11337,-122.74063,HZ-W-01,Industrial,CONCRETE,2001,13,3478217,867455,692616,5038288
LOC000263,ACC0164,POL00244,West,WA,98063,43.6248,-121.99873,HZ-W-18,Industrial,STEEL,1971,18,3069856,418280,359836,3847972
LOC000264,ACC0175,POL00172,South,FL,95778,27.32787,-83.83312,HZ-S-06,Residential,MASONRY,1995,8,2074598,288318,776909,3139825
LOC000265,ACC0121,POL00028,West,OR,93151,36.16895,-121.35354,HZ-W-04,Residential,CONCRETE,1974,17,1863589,714822,389737,2968148
LOC000266,ACC0036,POL00103,North,PA,54914,42.06554,-71.29151,HZ-N-05,Hospitality,CONCRETE,1968,11,1700836,1131151,312848,3144835
LOC000267,ACC0163,POL00030,Central,IL,10617,37.99367,-85.20039,HZ-C-11,Hospitality,STEEL,1976,6,3367116,189473,511265,4067854
LOC000268,ACC0110,POL00245,East,NJ,60242,38.91584,-74.56559,HZ-E-13,Residential,WOOD,2018,7,2153435,204636,135691,2493762
LOC000269,ACC0161,POL00128,West,CA,39657,45.33166,-122.28481,HZ-W-01,Industrial,STEEL,1966,4,3841345,695729,793612,5330686
LOC000270,ACC0117,POL00267,East,NC,88167,40.59075,-76.91258,HZ-E-10,Industrial,CONCRETE,1967,11,1383939,370266,68458,1822663
LOC000271,ACC0005,POL00117,Central,MO,39402,43.53276,-86.22692,HZ-C-13,Commercial,MASONRY,1952,19,1606807,415158,172892,2194857
LOC000272,ACC0160,POL00025,East,NJ,87846,41.01235,-77.20948,HZ-E-18,Residential,WOOD,1952,2,1637595,98356,393417,2129368
LOC000273,ACC0053,POL00323,West,OR,11219,40.75652,-119.73043,HZ-W-05,Industrial,CONCRETE,1962,17,1963589,817449,129598,2910636
LOC000274,ACC0031,POL00145,South,LA,24943,32.47587,-97.90172,HZ-S-20,Residential,CONCRETE,1975,20,3039059,307652,439170,3785881
LOC000275,ACC0011,POL00281,South,TX,75058,28.2213,-91.80488,HZ-S-06,Commercial,CONCRETE,1992,8,3587558,1117116,211469,4916143
LOC000276,ACC0131,POL00039,North,PA,23276,43.34511,-78.50856,HZ-N-03,Industrial,MASONRY,2008,10,473304,251590,602042,1326936
LOC000277,ACC0110,POL00060,South,FL,22451,32.67024,-92.79571,HZ-S-11,Residential,WOOD,1967,6,518628,386376,41360,946364
LOC000278,ACC0030,POL00206,South,TX,62461,25.83656,-83.70071,HZ-S-06,Hospitality,STEEL,1999,16,2708047,582685,768677,4059409
LOC000279,ACC0027,POL00214,West,WA,87430,34.12019,-117.4623,HZ-W-06,Hospitality,CONCRETE,1973,20,3816672,369760,118548,4304980
LOC000280,ACC0124,POL00250,East,VA,24802,41.0396,-73.90905,HZ-E-05,Hospitality,CONCRETE,1955,3,2664223,80432,717712,3462367
LOC000281,ACC0133,POL00268,South,TX,91033,30.18984,-88.69976,HZ-S-11,Residential,CONCRETE,1981,16,151842,1120622,779746,2052210
LOC000282,ACC0014,POL00006,South,LA,94331,32.5513,-88.83312,HZ-S-20,Commercial,CONCRETE,2013,6,2790245,827144,155875,3773264
LOC000283,ACC0141,POL00330,North,MA,59628,44.85073,-79.49649,HZ-N-08,Hospitality,MASONRY,1960,15,1444835,525186,346968,2316989
LOC000284,ACC0168,POL00010,East,NC,23453,37.57654,-78.16905,HZ-E-16,Hospitality,CONCRETE,1954,18,1979461,204591,522669,2706721
LOC000285,ACC0088,POL00187,East,NJ,17113,38.49866,-74.41783,HZ-E-15,Commercial,CONCRETE,1992,18,3420979,658788,533030,4612797
LOC000286,ACC0001,POL00175,West,WA,56548,39.24052,-123.12307,HZ-W-08,Industrial,STEEL,1963,2,2084466,781883,750689,3617038
LOC000287,ACC0101,POL00111,Central,MO,69905,37.2886,-97.06118,HZ-C-04,Commercial,STEEL,1963,14,689086,878177,112157,1679420
LOC000288,ACC0035,POL00256,North,PA,10568,42.28694,-74.10684,HZ-N-17,Residential,CONCRETE,2024,16,3612587,278409,472388,4363384
LOC000289,ACC0156,POL00165,Central,IL,76074,42.3372,-98.44669,HZ-C-20,Hospitality,CONCRETE,1981,9,3001693,384171,765979,4151843
LOC000290,ACC0077,POL00281,East,VA,51144,35.10544,-74.78233,HZ-E-17,Commercial,MASONRY,1976,20,1333853,969686,139850,2443389
LOC000291,ACC0139,POL00327,West,WA,52255,42.40138,-115.37506,HZ-W-17,Residential,STEEL,2021,16,1548266,298232,744904,2591402
LOC000292,ACC0109,POL00007,East,NC,78515,39.98295,-73.11027,HZ-E-10,Residential,WOOD,1998,5,3078474,895514,706995,4680983
LOC000293,ACC0038,POL00032,North,NY,48684,43.92766,-70.16468,HZ-N-09,Commercial,WOOD,1995,15,938451,579894,786626,2304971
LOC000294,ACC0131,POL00148,North,PA,97096,43.71206,-74.38729,HZ-N-08,Residential,CONCRETE,1999,14,3201656,1198358,235203,4635217
LOC000295,ACC0114,POL00116,Central,OK,93071,35.11669,-96.22988,HZ-C-20,Industrial,MASONRY,1974,10,1411365,1177889,56415,2645669
LOC000296,ACC0110,POL00143,East,NC,82954,39.88064,-78.16452,HZ-E-02,Industrial,MASONRY,1970,19,412345,412118,182237,1006700
LOC000297,ACC0153,POL00027,Central,IL,91968,43.43745,-99.40089,HZ-C-11,Industrial,CONCRETE,2023,18,1486480,997967,744163,3228610
LOC000298,ACC0041,POL00213,South,LA,81182,33.61289,-89.58787,HZ-S-17,Hospitality,WOOD,1994,8,1433197,1121833,230646,2785676
LOC000299,ACC0136,POL00244,Central,OK,83575,37.64217,-85.74538,HZ-C-20,Residential,WOOD,1994,15,1492020,714296,378323,2584639
LOC000300,ACC0099,POL00132,South,LA,80809,31.14296,-93.58126,HZ-S-04,Industrial,WOOD,2016,12,2674048,531342,41814,3247204
LOC000301,ACC0132,POL00043,East,NC,22577,36.37147,-74.4393,HZ-E-11,Commercial,WOOD,1958,7,1968801,1040903,45981,3055685
LOC000302,ACC0166,POL00037,West,CA,99921,35.28927,-116.54126,HZ-W-14,Commercial,WOOD,2008,11,3727866,909631,108975,4746472
LOC000303,ACC0067,POL00209,North,NY,60860,42.79042,-74.25038,HZ-N-08,Hospitality,CONCRETE,2005,11,327616,393276,264144,985036
LOC000304,ACC0012,POL00038,North,PA,56884,43.20711,-73.81651,HZ-N-19,Residential,STEEL,1988,20,596210,1141628,6185,1744023
LOC000305,ACC0035,POL00201,North,MA,81529,40.1541,-78.43677,HZ-N-08,Industrial,MASONRY,1988,12,1699764,848612,692818,3241194
LOC000306,ACC0101,POL00276,Central,IL,81765,36.10912,-99.92455,HZ-C-20,Residential,STEEL,1976,12,2421648,1184065,148241,3753954
LOC000307,ACC0050,POL00059,South,LA,33770,26.44859,-95.58424,HZ-S-09,Residential,CONCRETE,2020,3,3671277,1094900,149375,4915552
LOC000308,ACC0092,POL00066,South,FL,97988,31.5303,-90.25619,HZ-S-11,Commercial,WOOD,1986,20,1151460,225945,207007,1584412
LOC000309,ACC0040,POL00290,North,NY,84299,41.64173,-73.40578,HZ-N-19,Industrial,STEEL,2004,6,1432890,1038924,472536,2944350
LOC000310,ACC0035,POL00348,North,NY,53458,43.69908,-75.63876,HZ-N-12,Hospitality,CONCRETE,2007,12,3395297,484573,746794,4626664
LOC000311,ACC0036,POL00276,West,OR,35746,42.32883,-123.26224,HZ-W-09,Industrial,WOOD,1959,1,2413879,248238,184308,2846425
LOC000312,ACC0140,POL00277,Central,OK,71879,36.91485,-99.45016,HZ-C-09,Commercial,STEEL,2000,8,230838,869628,618697,1719163
LOC000313,ACC0094,POL00258,Central,OK,11388,39.18231,-92.34382,HZ-C-13,Commercial,MASONRY,2015,5,3175376,630269,140384,3946029
LOC000314,ACC0057,POL00250,East,NJ,40375,39.85604,-72.42577,HZ-E-02,Residential,STEEL,1997,8,2475474,326601,771667,3573742
LOC000315,ACC0011,POL00333,North,NY,52476,42.34837,-75.45357,HZ-N-02,Residential,STEEL,1983,19,2272168,777599,406945,3456712
LOC000316,ACC0133,POL00129,East,NJ,59326,38.70143,-72.71241,HZ-E-03,Commercial,CONCRETE,1995,12,1679824,813810,383041,2876675
LOC000317,ACC0020,POL00264,East,VA,94341,41.05627,-75.92071,HZ-E-08,Industrial,MASONRY,1969,6,3821068,33836,526214,4381118
LOC000318,ACC0124,POL00346,North,PA,72759,41.15173,-71.88827,HZ-N-04,Hospitality,MASONRY,2025,6,3108585,268156,693223,4069964
LOC000319,ACC0162,POL00263,West,OR,15136,34.04616,-118.66887,HZ-W-05,Commercial,WOOD,1971,9,194145,531013,45240,770398
LOC000320,ACC0056,POL00230,Central,OK,89498,41.55177,-87.68045,HZ-C-03,Hospitality,CONCRETE,1971,8,1800607,59049,754500,2614156
LOC000321,ACC0117,POL00306,Central,OK,87410,40.93684,-96.03219,HZ-C-11,Residential,MASONRY,1998,13,698578,401438,653484,1753500
LOC000322,ACC0025,POL00091,North,NY,72373,43.42184,-71.73486,HZ-N-20,Residential,WOOD,1961,16,948711,1116205,528859,2593775
LOC000323,ACC0012,POL00272,West,WA,66224,42.38771,-119.3016,HZ-W-12,Commercial,CONCRETE,1998,12,2361929,22517,711521,3095967
LOC000324,ACC0022,POL00146,East,NC,88419,35.07106,-75.66001,HZ-E-08,Hospitality,STEEL,1974,1,3907836,224927,446157,4578920
LOC000325,ACC0177,POL00162,West,CA,63588,40.31619,-120.62473,HZ-W-07,Industrial,WOOD,1969,14,2524253,1115847,123552,3763652
LOC000326,ACC0053,POL00212,West,OR,82365,41.03472,-118.49307,HZ-W-13,Hospitality,MASONRY,1997,18,1195983,1144293,444136,2784412
LOC000327,ACC0059,POL00229,East,VA,31206,37.18504,-78.03352,HZ-E-04,Residential,MASONRY,2015,13,1386196,742167,739764,2868127
LOC000328,ACC0038,POL00242,West,WA,88675,38.22566,-118.27711,HZ-W-03,Hospitality,WOOD,1958,9,2675409,129162,168546,2973117
LOC000329,ACC0168,POL00267,South,FL,47548,28.45893,-80.31104,HZ-S-20,Residential,MASONRY,2013,15,2654452,99178,759687,3513317
LOC000330,ACC0133,POL00119,North,PA,90634,40.97373,-72.16041,HZ-N-17,Commercial,WOOD,1996,8,3471842,1106646,299899,4878387
LOC000331,ACC0052,POL00266,West,CA,12014,37.65004,-120.44371,HZ-W-19,Residential,WOOD,2020,10,464245,598681,418836,1481762
LOC000332,ACC0050,POL00233,West,WA,62947,47.4126,-121.51143,HZ-W-20,Residential,STEEL,1972,14,3937825,750008,364354,5052187
LOC000333,ACC0066,POL00276,East,NC,85352,36.71973,-78.18094,HZ-E-17,Industrial,CONCRETE,1998,19,403608,1075222,308545,1787375
LOC000334,ACC0124,POL00060,East,NJ,43792,39.45276,-72.72433,HZ-E-01,Residential,CONCRETE,1978,8,3277073,732320,481137,4490530
LOC000335,ACC0074,POL00048,West,OR,62288,32.15557,-116.51041,HZ-W-08,Industrial,WOOD,2020,6,1580993,1103187,561671,3245851
LOC000336,ACC0128,POL00103,East,VA,40783,41.57694,-74.21825,HZ-E-07,Commercial,STEEL,1976,8,1016732,584292,191663,1792687
LOC000337,ACC0174,POL00340,South,FL,74574,32.01045,-97.60243,HZ-S-03,Residential,WOOD,2011,12,3607842,766643,163573,4538058
LOC000338,ACC0072,POL00204,East,VA,39110,35.46297,-73.65016,HZ-E-17,Commercial,WOOD,2017,14,3866993,596156,514646,4977795
LOC000339,ACC0118,POL00062,East,NC,77922,37.14974,-74.19563,HZ-E-06,Hospitality,STEEL,1951,1,236577,1073766,364158,1674501
LOC000340,ACC0141,POL00135,West,OR,41082,37.78564,-116.24342,HZ-W-06,Industrial,CONCRETE,1993,12,2536925,231283,341244,3109452
LOC000341,ACC0072,POL00231,South,TX,33578,31.76976,-92.69844,HZ-S-13,Commercial,MASONRY,1962,9,983037,898901,734750,2616688
LOC000342,ACC0122,POL00005,West,WA,33148,34.3335,-115.36767,HZ-W-05,Hospitality,CONCRETE,1967,17,1912856,818770,205587,2937213
LOC000343,ACC0102,POL00051,East,VA,31409,36.00779,-72.99049,HZ-E-02,Residential,MASONRY,1982,16,3393925,1040516,314608,4749049
LOC000344,ACC0089,POL00011,Central,IL,63970,38.24866,-91.59475,HZ-C-09,Residential,STEEL,1975,19,1986827,721825,272387,2981039
LOC000345,ACC0115,POL00041,East,NC,59947,36.84087,-74.28765,HZ-E-16,Industrial,CONCRETE,1968,6,2358373,386034,298433,3042840
LOC000346,ACC0082,POL00335,West,OR,48188,33.26579,-120.90737,HZ-W-11,Industrial,CONCRETE,1984,15,1869226,868869,74809,2812904
LOC000347,ACC0033,POL00121,West,OR,96772,38.62382,-122.34502,HZ-W-01,Industrial,WOOD,1976,6,3236901,1112481,472161,4821543
LOC000348,ACC0022,POL00054,East,NJ,44400,34.4306,-73.60346,HZ-E-17,Commercial,WOOD,1999,10,367564,1012342,575074,1954980
LOC000349,ACC0008,POL00018,South,LA,96972,26.13771,-89.46515,HZ-S-06,Industrial,STEEL,2010,15,1291917,949374,656912,2898203
LOC000350,ACC0046,POL00303,Central,OK,88326,36.21603,-85.77271,HZ-C-18,Hospitality,CONCRETE,2017,18,1242588,1170382,466453,2879423
LOC000351,ACC0106,POL00134,South,TX,30410,32.24237,-91.16279,HZ-S-12,Industrial,WOOD,1950,17,2120193,1151766,238161,3510120
LOC000352,ACC0123,POL00154,West,CA,11197,40.56158,-117.81007,HZ-W-16,Hospitality,STEEL,1979,1,1542357,621384,491989,2655730
LOC000353,ACC0097,POL00113,East,NJ,44469,37.15802,-77.85711,HZ-E-13,Residential,CONCRETE,1980,17,1826945,1195567,458339,3480851
LOC000354,ACC0106,POL00097,West,WA,18973,42.37531,-119.2125,HZ-W-09,Commercial,MASONRY,1987,4,3487214,590142,298505,4375861
LOC000355,ACC0039,POL00026,East,NC,80119,38.98203,-77.68547,HZ-E-01,Residential,MASONRY,1963,10,1999043,590706,734498,3324247
LOC000356,ACC0088,POL00216,South,LA,50838,25.81177,-99.7055,HZ-S-07,Hospitality,STEEL,2009,2,1938852,37205,244119,2220176
LOC000357,ACC0065,POL00196,South,FL,11653,25.64246,-90.59706,HZ-S-07,Residential,MASONRY,1999,15,335041,578898,411484,1325423
LOC000358,ACC0122,POL00200,South,FL,99318,31.93896,-89.57722,HZ-S-07,Industrial,STEEL,1970,2,935420,986440,771041,2692901
LOC000359,ACC0014,POL00342,West,WA,38545,39.69967,-121.31068,HZ-W-12,Residential,MASONRY,2005,11,2284923,276149,265617,2826689
LOC000360,ACC0149,POL00244,North,MA,88146,43.94572,-79.9107,HZ-N-02,Commercial,STEEL,1961,8,2552396,270923,415035,3238354
LOC000361,ACC0180,POL00275,North,NY,24076,43.12566,-79.40225,HZ-N-05,Commercial,CONCRETE,1979,11,2977060,729722,796456,4503238
LOC000362,ACC0092,POL00069,Central,OK,42859,41.5987,-99.67971,HZ-C-13,Residential,CONCRETE,2006,18,3273819,748378,460030,4482227
LOC000363,ACC0071,POL00307,South,LA,82682,26.67964,-93.04671,HZ-S-15,Commercial,WOOD,2017,5,2155594,417988,594229,3167811
LOC000364,ACC0048,POL00010,East,VA,91229,34.00576,-74.53382,HZ-E-13,Industrial,MASONRY,1991,3,2371660,789891,476136,3637687
LOC000365,ACC0040,POL00314,West,WA,47110,40.38512,-119.52206,HZ-W-18,Industrial,CONCRETE,1991,4,3535343,832627,199092,4567062
LOC000366,ACC0125,POL00099,North,PA,22943,40.89319,-79.68726,HZ-N-04,Residential,CONCRETE,2012,17,379675,111807,136078,627560
LOC000367,ACC0054,POL00336,East,NC,74409,35.76578,-73.97508,HZ-E-01,Residential,CONCRETE,1957,12,1173484,122940,384150,1680574
LOC000368,ACC0011,POL00037,East,VA,49833,34.4664,-74.68147,HZ-E-17,Residential,MASONRY,2016,4,3547829,793993,742846,5084668
LOC000369,ACC0161,POL00092,North,NY,83193,40.9656,-73.43123,HZ-N-19,Hospitality,WOOD,2023,12,2329948,828097,198663,3356708
LOC000370,ACC0130,POL00173,West,WA,96184,34.66895,-122.37643,HZ-W-13,Commercial,CONCRETE,1995,11,2890228,915641,109159,3915028
LOC000371,ACC0156,POL00124,East,VA,83812,40.11347,-75.98588,HZ-E-11,Commercial,CONCRETE,2020,9,3643574,799552,432373,4875499
LOC000372,ACC0005,POL00266,East,VA,27705,39.81051,-72.1193,HZ-E-20,Industrial,WOOD,1988,8,1976950,852759,205,2829914
LOC000373,ACC0040,POL00049,South,TX,14946,29.60144,-88.58664,HZ-S-19,Hospitality,STEEL,1969,5,191022,598724,580557,1370303
LOC000374,ACC0146,POL00112,South,LA,20118,32.29967,-98.1619,HZ-S-13,Industrial,CONCRETE,1972,16,1147975,508624,268691,1925290
LOC000375,ACC0098,POL00041,Central,OK,17329,40.78029,-99.43943,HZ-C-19,Industrial,STEEL,2005,14,3047957,219992,624145,3892094
LOC000376,ACC0163,POL00324,Central,IL,60133,40.87501,-90.96548,HZ-C-01,Residential,STEEL,2017,2,3748149,495461,783997,5027607
LOC000377,ACC0115,POL00305,South,LA,85399,31.27992,-96.93605,HZ-S-13,Residential,MASONRY,2005,10,727384,705415,526806,1959605
LOC000378,ACC0103,POL00135,West,CA,21151,39.61367,-117.29216,HZ-W-18,Hospitality,CONCRETE,1966,5,654441,724995,86554,1465990
LOC000379,ACC0064,POL00125,East,NJ,19390,38.57065,-75.07183,HZ-E-17,Industrial,CONCRETE,1991,19,2146237,849043,683932,3679212
LOC000380,ACC0168,POL00013,North,PA,49953,41.74154,-76.79262,HZ-N-20,Commercial,STEEL,2006,20,1834688,908229,383010,3125927
LOC000381,ACC0029,POL00028,North,NY,41856,43.4268,-78.44009,HZ-N-03,Commercial,STEEL,1951,11,3976431,509663,209385,4695479
LOC000382,ACC0055,POL00105,West,CA,81620,32.36397,-122.11891,HZ-W-18,Industrial,CONCRETE,1968,1,1379757,963847,494078,2837682
LOC000383,ACC0070,POL00028,East,NC,70943,35.36256,-77.01191,HZ-E-20,Residential,WOOD,1999,9,2309555,111188,267865,2688608
LOC000384,ACC0060,POL00195,West,WA,76655,36.67993,-116.04938,HZ-W-13,Residential,STEEL,2012,20,1610868,246264,20005,1877137
LOC000385,ACC0064,POL00272,East,NJ,49967,38.4855,-74.01272,HZ-E-02,Industrial,CONCRETE,2000,6,934143,1069940,480233,2484316
LOC000386,ACC0071,POL00032,North,PA,92023,41.51163,-70.04006,HZ-N-17,Industrial,CONCRETE,1953,18,1576030,765281,655602,2996913
LOC000387,ACC0134,POL00348,Central,IL,90274,40.91239,-98.68307,HZ-C-13,Commercial,CONCRETE,1980,19,736310,736777,411929,1885016
LOC000388,ACC0149,POL00278,North,MA,99659,42.71117,-77.93243,HZ-N-05,Commercial,MASONRY,1989,17,3915706,710560,470988,5097254
LOC000389,ACC0018,POL00286,Central,MO,79856,43.39727,-86.24332,HZ-C-11,Residential,MASONRY,1990,5,3912631,324406,688108,4925145
LOC000390,ACC0039,POL00097,West,OR,23994,36.85357,-117.28951,HZ-W-09,Commercial,MASONRY,1953,20,3791540,888305,431228,5111073
LOC000391,ACC0021,POL00245,East,NC,27575,35.85746,-74.18835,HZ-E-12,Hospitality,STEEL,1973,13,2478351,504256,625329,3607936
LOC000392,ACC0070,POL00212,East,NJ,39170,34.25784,-73.64823,HZ-E-01,Commercial,MASONRY,1958,6,786969,425295,237264,1449528
LOC000393,ACC0110,POL00208,Central,MO,15482,37.92406,-93.13683,HZ-C-08,Hospitality,STEEL,2000,20,3737002,1047484,721276,5505762
LOC000394,ACC0134,POL00056,Central,OK,69193,40.77254,-89.43831,HZ-C-02,Hospitality,WOOD,1981,17,2590602,1144407,550744,4285753
LOC000395,ACC0049,POL00150,East,NC,67613,38.12901,-74.58546,HZ-E-02,Hospitality,STEEL,1986,15,264633,1189583,406216,1860432
LOC000396,ACC0024,POL00257,South,TX,24833,29.65273,-97.15521,HZ-S-15,Commercial,MASONRY,2000,14,2671671,134392,723468,3529531
LOC000397,ACC0024,POL00129,South,FL,52477,33.06956,-82.0841,HZ-S-15,Commercial,WOOD,1961,4,850271,971437,618990,2440698
LOC000398,ACC0157,POL00082,West,WA,59634,43.31647,-117.45814,HZ-W-17,Hospitality,WOOD,1971,11,1622294,198900,549262,2370456
LOC000399,ACC0108,POL00158,East,NC,50569,40.95055,-77.74793,HZ-E-02,Hospitality,STEEL,1973,4,3718310,334760,169999,4223069
LOC000400,ACC0002,POL00312,Central,IL,74679,39.12778,-87.16883,HZ-C-18,Commercial,MASONRY,2025,16,114818,550812,12800,678430
LOC000401,ACC0054,POL00026,East,VA,34227,41.05734,-77.05321,HZ-E-18,Commercial,WOOD,1994,2,433048,33784,256600,723432
LOC000402,ACC0046,POL00083,North,NY,98092,44.60192,-79.50969,HZ-N-14,Industrial,MASONRY,2008,19,2897586,645877,347195,3890658
LOC000403,ACC0110,POL00282,East,NJ,18509,36.94856,-76.34742,HZ-E-03,Industrial,CONCRETE,1967,4,490599,647666,338503,1476768
LOC000404,ACC0015,POL00056,West,OR,84890,40.39434,-117.73753,HZ-W-20,Residential,CONCRETE,1986,14,1480800,1125309,433856,3039965
LOC000405,ACC0158,POL00289,East,VA,75063,41.96019,-76.52303,HZ-E-05,Hospitality,CONCRETE,1973,20,1189093,1121825,603080,2913998
LOC000406,ACC0054,POL00316,South,TX,64346,25.21588,-87.49079,HZ-S-04,Hospitality,WOOD,1992,12,911830,23315,123949,1059094
LOC000407,ACC0079,POL00154,East,NC,76412,35.6095,-77.02861,HZ-E-03,Industrial,WOOD,1964,11,990609,43692,671736,1706037
LOC000408,ACC0122,POL00019,South,LA,94626,26.74614,-83.32349,HZ-S-16,Commercial,CONCRETE,1969,15,2486229,81063,184160,2751452
LOC000409,ACC0134,POL00154,Central,OK,84048,42.0559,-93.7907,HZ-C-02,Industrial,WOOD,1976,19,3857796,722775,484935,5065506
LOC000410,ACC0161,POL00274,West,OR,31753,45.45183,-120.94763,HZ-W-13,Hospitality,MASONRY,1964,10,377717,333115,294083,1004915
LOC000411,ACC0096,POL00232,West,OR,49666,38.62191,-119.52651,HZ-W-08,Commercial,STEEL,1972,4,3077284,86329,284685,3448298
LOC000412,ACC0129,POL00079,East,NJ,34931,37.55019,-78.82546,HZ-E-16,Industrial,CONCRETE,2017,10,3362289,443831,97102,3903222
LOC000413,ACC0118,POL00199,West,CA,78464,42.82748,-122.80555,HZ-W-02,Residential,WOOD,1989,2,3327438,226048,541218,4094704
LOC000414,ACC0169,POL00160,West,WA,12946,39.47001,-123.58474,HZ-W-17,Industrial,MASONRY,1991,7,3756909,202611,349479,4308999
LOC000415,ACC0071,POL00059,South,TX,11999,31.04012,-94.54692,HZ-S-06,Residential,MASONRY,2019,12,2332526,689305,462543,3484374
LOC000416,ACC0087,POL00277,East,VA,68149,35.9586,-78.5013,HZ-E-20,Residential,MASONRY,1953,16,693732,614055,601969,1909756
LOC000417,ACC0152,POL00323,Central,IL,68436,35.77508,-94.12125,HZ-C-20,Industrial,STEEL,1992,7,544289,824466,56413,1425168
LOC000418,ACC0146,POL00068,West,WA,22178,47.57891,-117.19831,HZ-W-15,Hospitality,WOOD,2008,10,3494449,1138798,82361,4715608
LOC000419,ACC0067,POL00187,West,WA,61390,35.70711,-121.98585,HZ-W-20,Commercial,STEEL,1991,15,3314906,996007,493403,4804316
LOC000420,ACC0090,POL00310,East,NJ,85324,37.82922,-73.07964,HZ-E-10,Commercial,WOOD,2001,4,2093696,256741,368512,2718949
LOC000421,ACC0159,POL00125,South,LA,81820,29.14877,-88.18928,HZ-S-08,Commercial,CONCRETE,1999,3,397476,653587,558624,1609687
LOC000422,ACC0045,POL00340,South,LA,97766,30.1049,-93.15598,HZ-S-08,Residential,CONCRETE,1964,19,2578708,924183,456501,3959392
LOC000423,ACC0154,POL00056,East,VA,99850,35.40939,-72.30882,HZ-E-03,Hospitality,STEEL,2013,2,2428206,224795,466843,3119844
LOC000424,ACC0075,POL00200,North,NY,90684,40.73363,-78.50784,HZ-N-18,Hospitality,MASONRY,1976,11,3821444,20386,793853,4635683
LOC000425,ACC0150,POL00005,South,LA,90149,33.84322,-93.11471,HZ-S-03,Hospitality,MASONRY,1987,2,1377375,931688,752658,3061721
LOC000426,ACC0073,POL00016,East,NC,40833,38.48024,-72.14913,HZ-E-04,Hospitality,CONCRETE,1990,13,322832,21768,737520,1082120
LOC000427,ACC0099,POL00185,East,VA,64687,35.38728,-78.02652,HZ-E-18,Commercial,STEEL,1966,5,2386393,462952,694668,3544013
LOC000428,ACC0022,POL00071,North,PA,94180,44.42444,-73.42073,HZ-N-05,Hospitality,CONCRETE,2004,20,165883,321981,756379,1244243
LOC000429,ACC0155,POL00004,South,LA,85751,28.46243,-95.48518,HZ-S-14,Hospitality,MASONRY,2014,9,1878907,1177732,471907,3528546
LOC000430,ACC0029,POL00298,East,NC,73115,41.82587,-75.02295,HZ-E-12,Residential,MASONRY,2017,9,2517396,789591,35087,3342074
LOC000431,ACC0176,POL00325,East,NJ,80673,37.77961,-73.8082,HZ-E-03,Industrial,WOOD,1993,18,2295117,205485,257143,2757745
LOC000432,ACC0076,POL00149,West,OR,31955,41.18344,-121.01637,HZ-W-12,Residential,STEEL,2022,9,2004359,1095132,492025,3591516
LOC000433,ACC0007,POL00147,North,MA,73538,40.2581,-70.09635,HZ-N-20,Residential,MASONRY,2014,3,2524899,374584,600687,3500170
LOC000434,ACC0029,POL00310,Central,MO,32886,37.52875,-87.13212,HZ-C-01,Commercial,CONCRETE,1997,6,1157178,297953,645710,2100841
LOC000435,ACC0022,POL00075,South,LA,88059,32.19435,-82.75971,HZ-S-11,Commercial,CONCRETE,2002,13,1090677,1036947,189592,2317216
LOC000436,ACC0165,POL00136,South,TX,25203,30.19982,-83.16334,HZ-S-02,Residential,MASONRY,2009,13,3145060,370818,221099,3736977
LOC000437,ACC0068,POL00075,East,VA,79526,37.03841,-74.06075,HZ-E-16,Hospitality,WOOD,1986,15,3229582,1136777,245011,4611370
LOC000438,ACC0157,POL00334,East,VA,45728,41.3417,-74.53803,HZ-E-14,Industrial,STEEL,1984,4,2324044,106020,102093,2532157
LOC000439,ACC0050,POL00267,South,LA,54224,31.74182,-85.31373,HZ-S-19,Commercial,STEEL,2020,1,1740617,987014,708094,3435725
LOC000440,ACC0057,POL00146,West,CA,43016,40.40423,-117.8305,HZ-W-12,Commercial,WOOD,1953,20,150169,882451,102444,1135064
LOC000441,ACC0023,POL00310,North,PA,27027,43.19041,-72.91925,HZ-N-04,Hospitality,MASONRY,1964,6,2854003,474714,628500,3957217
LOC000442,ACC0178,POL00342,South,TX,52389,29.08099,-80.09505,HZ-S-14,Industrial,MASONRY,1959,9,2870244,178784,669809,3718837
LOC000443,ACC0113,POL00036,West,OR,74450,36.13182,-116.68479,HZ-W-06,Commercial,CONCRETE,1972,16,1729866,717627,62976,2510469
LOC000444,ACC0067,POL00053,North,PA,14569,43.06983,-78.9375,HZ-N-15,Residential,WOOD,2023,9,3324192,924404,228994,4477590
LOC000445,ACC0171,POL00200,West,CA,44922,42.44585,-123.99219,HZ-W-02,Commercial,STEEL,2000,19,3860245,1063755,156085,5080085
LOC000446,ACC0139,POL00116,North,PA,10433,42.18029,-71.55951,HZ-N-03,Hospitality,CONCRETE,1965,19,3333769,1049029,501365,4884163
LOC000447,ACC0094,POL00274,East,VA,54572,34.44156,-72.02089,HZ-E-03,Residential,CONCRETE,1987,7,1498547,655076,420075,2573698
LOC000448,ACC0125,POL00044,South,FL,92941,31.26294,-82.07079,HZ-S-12,Hospitality,MASONRY,1967,2,1711299,420562,313388,2445249
LOC000449,ACC0128,POL00274,South,LA,68891,28.49891,-84.14522,HZ-S-10,Residential,WOOD,1993,2,2586993,520139,512997,3620129
LOC000450,ACC0118,POL00348,South,LA,80328,26.9051,-86.923,HZ-S-17,Commercial,MASONRY,1959,2,279577,870411,123928,1273916
LOC000451,ACC0180,POL00333,West,OR,27109,46.51486,-118.43465,HZ-W-08,Residential,MASONRY,1956,10,2842368,59978,494109,3396455
LOC000452,ACC0128,POL00305,Central,IL,90691,35.57562,-87.73794,HZ-C-04,Commercial,WOOD,1975,14,2013376,377961,619752,3011089
LOC000453,ACC0036,POL00165,South,LA,37948,26.08722,-86.31823,HZ-S-18,Residential,MASONRY,1992,3,2945406,863073,339984,4148463
LOC000454,ACC0063,POL00298,North,NY,15334,43.48148,-74.46592,HZ-N-15,Commercial,WOOD,1998,6,3277395,890641,176214,4344250
LOC000455,ACC0073,POL00214,North,MA,72391,40.89706,-79.10859,HZ-N-19,Commercial,MASONRY,1968,9,438575,33316,7574,479465
LOC000456,ACC0157,POL00046,East,VA,92207,39.53339,-74.8261,HZ-E-16,Industrial,STEEL,2003,1,1103502,386055,640195,2129752
LOC000457,ACC0130,POL00113,East,NJ,70845,38.95137,-72.96088,HZ-E-18,Commercial,STEEL,1956,7,592863,1131907,100331,1825101
LOC000458,ACC0014,POL00331,North,NY,57735,40.88162,-73.29857,HZ-N-02,Industrial,MASONRY,2005,9,2974120,1014915,521682,4510717
LOC000459,ACC0008,POL00249,South,TX,77489,25.47211,-89.25279,HZ-S-06,Residential,WOOD,1980,15,281686,238986,776383,1297055
LOC000460,ACC0084,POL00117,East,VA,22853,39.41482,-76.72021,HZ-E-04,Commercial,CONCRETE,1975,13,1857691,436811,783377,3077879
LOC000461,ACC0117,POL00092,Central,IL,60768,43.0144,-97.82588,HZ-C-20,Industrial,MASONRY,2008,7,2075476,1035876,56978,3168330
LOC000462,ACC0035,POL00057,East,VA,71018,34.25676,-75.01934,HZ-E-09,Hospitality,CONCRETE,1971,11,948133,724415,133391,1805939
LOC000463,ACC0142,POL00118,South,TX,21334,33.57484,-81.88844,HZ-S-19,Hospitality,CONCRETE,1977,19,2631832,348808,668990,3649630
LOC000464,ACC0084,POL00223,East,VA,85951,37.42488,-72.89181,HZ-E-08,Commercial,MASONRY,2023,1,1270927,50416,765479,2086822
LOC000465,ACC0101,POL00246,East,NJ,22844,40.14885,-78.76466,HZ-E-17,Hospitality,CONCRETE,1980,3,268018,1007030,769105,2044153
LOC000466,ACC0005,POL00246,East,NJ,97691,35.0617,-76.92947,HZ-E-03,Industrial,MASONRY,2008,19,3007323,872739,228596,4108658
LOC000467,ACC0161,POL00238,West,CA,93021,45.98718,-120.35176,HZ-W-12,Residential,WOOD,1999,11,2007740,992576,145357,3145673
LOC000468,ACC0176,POL00042,East,VA,91324,41.56876,-75.20295,HZ-E-07,Industrial,WOOD,2015,12,1886363,585789,731963,3204115
LOC000469,ACC0166,POL00287,Central,IL,18782,40.5722,-94.51643,HZ-C-06,Commercial,MASONRY,1992,8,1706229,786699,487957,2980885
LOC000470,ACC0069,POL00258,East,NC,99158,39.96013,-77.42194,HZ-E-12,Hospitality,STEEL,1956,3,2106947,459969,789759,3356675
LOC000471,ACC0174,POL00273,East,VA,48307,40.63648,-75.70885,HZ-E-18,Hospitality,STEEL,1958,7,2139383,1071617,552266,3763266
LOC000472,ACC0028,POL00085,Central,MO,46168,43.08151,-95.67441,HZ-C-03,Residential,MASONRY,2013,5,466199,188129,409660,1063988
LOC000473,ACC0122,POL00178,Central,OK,65067,38.74883,-89.76395,HZ-C-05,Hospitality,WOOD,1987,7,2730987,67584,307410,3105981
LOC000474,ACC0125,POL00304,North,NY,97274,41.67939,-74.21295,HZ-N-11,Hospitality,CONCRETE,1988,19,3602023,1109723,675987,5387733
LOC000475,ACC0038,POL00181,North,MA,47274,42.42122,-70.29276,HZ-N-02,Hospitality,MASONRY,1970,18,820317,565275,237798,1623390
LOC000476,ACC0148,POL00065,South,FL,67788,27.14115,-99.17697,HZ-S-11,Industrial,STEEL,1973,7,3620412,341880,169087,4131379
LOC000477,ACC0137,POL00155,East,NJ,25923,35.18355,-75.861,HZ-E-06,Residential,CONCRETE,2013,5,2891532,684679,360549,3936760
LOC000478,ACC0122,POL00149,Central,MO,85199,39.91531,-92.38886,HZ-C-10,Commercial,CONCRETE,1993,4,754534,29005,774368,1557907
LOC000479,ACC0115,POL00183,West,CA,22121,36.92932,-120.38533,HZ-W-08,Industrial,WOOD,1974,19,684783,1175446,122553,1982782
LOC000480,ACC0132,POL00202,East,VA,35486,38.3073,-75.88179,HZ-E-03,Hospitality,STEEL,2015,2,920891,67287,87649,1075827
LOC000481,ACC0004,POL00146,Central,MO,55209,42.68424,-94.45555,HZ-C-12,Industrial,STEEL,2007,18,1767479,330265,750742,2848486
LOC000482,ACC0042,POL00218,North,PA,64289,44.96299,-71.96314,HZ-N-10,Commercial,WOOD,1968,7,3823723,951597,777548,5552868
LOC000483,ACC0164,POL00140,South,LA,64331,31.80503,-98.23103,HZ-S-14,Commercial,CONCRETE,2022,5,1506839,158654,619371,2284864
LOC000484,ACC0078,POL00253,South,TX,83306,25.3801,-83.47503,HZ-S-19,Hospitality,MASONRY,1953,1,1314096,1181543,514416,3010055
LOC000485,ACC0046,POL00252,North,MA,94513,43.26906,-71.07313,HZ-N-14,Commercial,WOOD,1965,9,2786683,1010990,130208,3927881
LOC000486,ACC0161,POL00244,East,NJ,25674,37.84389,-75.94752,HZ-E-09,Industrial,WOOD,1983,6,2611932,778664,609291,3999887
LOC000487,ACC0093,POL00215,East,NJ,93394,35.08398,-77.85684,HZ-E-09,Industrial,WOOD,1987,10,1440839,986879,726959,3154677
LOC000488,ACC0140,POL00166,East,NJ,51446,35.46598,-78.33844,HZ-E-06,Industrial,STEEL,1996,4,2255312,426459,658537,3340308
LOC000489,ACC0106,POL00175,East,VA,31368,35.0956,-77.03008,HZ-E-16,Residential,MASONRY,1969,17,3553232,321397,13524,3888153
LOC000490,ACC0142,POL00059,South,FL,64702,31.20688,-80.9501,HZ-S-18,Hospitality,WOOD,1964,5,3434919,1191584,643226,5269729
LOC000491,ACC0134,POL00176,Central,MO,32571,38.26312,-87.74442,HZ-C-20,Industrial,WOOD,1965,8,1560498,673416,724619,2958533
LOC000492,ACC0109,POL00058,North,PA,20188,40.62672,-78.69782,HZ-N-03,Residential,CONCRETE,2005,2,697098,495161,322361,1514620
LOC000493,ACC0012,POL00034,South,FL,49537,25.53339,-97.62156,HZ-S-09,Residential,WOOD,1965,20,3426314,1096843,621990,5145147
LOC000494,ACC0149,POL00179,South,FL,56163,25.81701,-83.08277,HZ-S-09,Commercial,MASONRY,2014,19,875031,757219,30680,1662930
LOC000495,ACC0044,POL00276,North,PA,10567,41.08499,-78.08452,HZ-N-10,Residential,MASONRY,2014,16,3301277,49327,554527,3905131
LOC000496,ACC0098,POL00218,East,NC,38085,41.66198,-77.73406,HZ-E-12,Commercial,CONCRETE,1964,11,876473,942046,706242,2524761
LOC000497,ACC0011,POL00043,North,NY,53006,43.81137,-72.95269,HZ-N-18,Hospitality,WOOD,1999,10,2279895,305028,519900,3104823
LOC000498,ACC0049,POL00036,East,NC,72347,38.43133,-76.96587,HZ-E-14,Industrial,MASONRY,1951,16,1408651,951042,236845,2596538
LOC000499,ACC0103,POL00303,West,OR,23332,42.8243,-122.92704,HZ-W-13,Commercial,WOOD,1996,7,1937349,1116102,690537,3743988
LOC000500,ACC0072,POL00298,South,LA,87810,27.09583,-91.50592,HZ-S-16,Industrial,CONCRETE,1995,16,3640116,867855,128725,4636696
LOC000501,ACC0065,POL00251,West,OR,75178,34.35799,-119.90829,HZ-W-04,Commercial,MASONRY,1953,4,2132278,1092513,292438,3517229
LOC000502,ACC0078,POL00319,West,CA,91688,38.12213,-117.88716,HZ-W-05,Residential,WOOD,2016,16,2189329,76096,187795,2453220
LOC000503,ACC0140,POL00010,West,CA,14141,40.07672,-119.11806,HZ-W-18,Hospitality,WOOD,1999,15,1331292,1064169,514064,2909525
LOC000504,ACC0043,POL00252,South,TX,66450,25.29574,-88.86667,HZ-S-10,Commercial,STEEL,1999,16,1956215,983969,37728,2977912
LOC000505,ACC0122,POL00288,West,WA,30487,40.86054,-119.14547,HZ-W-16,Residential,CONCRETE,1983,16,2931258,1048765,692142,4672165
LOC000506,ACC0033,POL00188,East,VA,55727,36.56386,-78.80297,HZ-E-02,Residential,STEEL,1998,4,2687632,759799,298254,3745685
LOC000507,ACC0152,POL00044,East,VA,18585,39.28992,-77.2667,HZ-E-10,Industrial,WOOD,1993,6,1827757,756665,59191,2643613
LOC000508,ACC0069,POL00011,North,MA,71564,44.31684,-74.31951,HZ-N-14,Residential,STEEL,1998,19,256773,986597,689719,1933089
LOC000509,ACC0129,POL00342,East,NC,54504,39.52691,-77.55864,HZ-E-16,Commercial,STEEL,1996,14,509891,1044162,104917,1658970
LOC000510,ACC0147,POL00206,South,LA,39607,26.92672,-94.6969,HZ-S-10,Residential,WOOD,2025,11,3653976,177959,561862,4393797
LOC000511,ACC0167,POL00155,South,LA,76144,28.84395,-93.05367,HZ-S-03,Industrial,CONCRETE,2019,11,3460416,1133721,498355,5092492
LOC000512,ACC0161,POL00265,South,TX,34450,31.04404,-89.04875,HZ-S-01,Hospitality,MASONRY,2009,9,1153880,1100807,475244,2729931
LOC000513,ACC0094,POL00237,Central,OK,29365,41.53954,-99.10178,HZ-C-07,Commercial,MASONRY,1988,14,3492912,929586,593616,5016114
LOC000514,ACC0066,POL00308,East,NJ,40950,36.13548,-76.99069,HZ-E-06,Hospitality,MASONRY,1964,5,2758884,446892,432472,3638248
LOC000515,ACC0166,POL00019,South,FL,36475,29.36844,-80.17414,HZ-S-14,Commercial,STEEL,1967,1,3443048,671250,486706,4601004
LOC000516,ACC0006,POL00029,South,TX,21000,30.79864,-99.15535,HZ-S-16,Industrial,STEEL,1958,14,2862665,1174914,184533,4222112
LOC000517,ACC0061,POL00058,Central,OK,84838,43.48846,-89.13648,HZ-C-05,Residential,STEEL,2013,3,2857463,209386,416174,3483023
LOC000518,ACC0109,POL00112,South,FL,28910,32.49101,-85.25527,HZ-S-08,Residential,MASONRY,1977,9,3342997,677269,345281,4365547
LOC000519,ACC0082,POL00280,East,VA,65545,38.26776,-74.10268,HZ-E-04,Hospitality,MASONRY,1985,5,3719264,137284,514178,4370726
LOC000520,ACC0170,POL00028,East,NC,98027,39.16318,-72.66339,HZ-E-02,Commercial,STEEL,2020,13,1642410,666282,22097,2330789
LOC000521,ACC0003,POL00202,South,LA,43493,32.80258,-82.84706,HZ-S-13,Industrial,WOOD,1980,10,1621924,275965,560894,2458783
LOC000522,ACC0009,POL00141,South,FL,20498,27.85466,-83.75504,HZ-S-14,Hospitality,CONCRETE,2002,11,3941524,940326,662021,5543871
LOC000523,ACC0155,POL00281,West,CA,52830,36.17552,-123.40269,HZ-W-14,Hospitality,WOOD,1956,6,3557787,356264,732411,4646462
LOC000524,ACC0022,POL00057,East,NC,30686,35.6006,-76.86117,HZ-E-19,Commercial,MASONRY,2002,11,670812,26450,420124,1117386
LOC000525,ACC0051,POL00044,East,NC,64328,39.49973,-73.21262,HZ-E-10,Industrial,MASONRY,2000,13,659980,566685,181905,1408570
LOC000526,ACC0023,POL00237,Central,OK,35987,43.30801,-90.2934,HZ-C-08,Industrial,MASONRY,1956,13,1041567,63483,24085,1129135
LOC000527,ACC0031,POL00008,East,NC,78922,41.66426,-77.80914,HZ-E-19,Hospitality,CONCRETE,2013,4,1191180,333002,93387,1617569
LOC000528,ACC0053,POL00308,South,FL,38254,31.71799,-92.35853,HZ-S-14,Industrial,MASONRY,2003,6,899200,578267,301950,1779417
LOC000529,ACC0095,POL00299,East,NJ,99688,35.88389,-75.84316,HZ-E-08,Hospitality,WOOD,1951,16,220683,628578,274516,1123777
LOC000530,ACC0153,POL00132,North,MA,19575,41.06109,-76.16505,HZ-N-14,Residential,WOOD,1956,11,3006751,853732,720216,4580699
LOC000531,ACC0012,POL00003,Central,MO,43247,43.4539,-85.49185,HZ-C-20,Hospitality,STEEL,2000,12,3909378,763024,635829,5308231
LOC000532,ACC0120,POL00068,North,PA,21750,40.84933,-75.0716,HZ-N-11,Industrial,CONCRETE,1968,9,272490,396170,272935,941595
LOC000533,ACC0068,POL00314,North,NY,44571,43.73912,-70.73763,HZ-N-10,Industrial,CONCRETE,1971,11,636331,1066920,294650,1997901
LOC000534,ACC0014,POL00097,West,OR,29480,45.64854,-118.08322,HZ-W-15,Residential,MASONRY,1973,2,3303086,337225,582667,4222978
LOC000535,ACC0011,POL00227,East,NJ,56729,34.92819,-72.73377,HZ-E-16,Hospitality,CONCRETE,2013,4,3061022,999648,457629,4518299
LOC000536,ACC0131,POL00140,Central,IL,83825,36.8336,-95.73825,HZ-C-06,Commercial,WOOD,2017,19,618643,753173,98123,1469939
LOC000537,ACC0175,POL00349,South,FL,25989,25.84875,-93.42684,HZ-S-10,Hospitality,STEEL,2025,4,1132459,1064614,709790,2906863
LOC000538,ACC0161,POL00138,Central,IL,87883,42.47629,-90.10691,HZ-C-15,Residential,STEEL,1955,20,221108,190001,482589,893698
LOC000539,ACC0083,POL00029,Central,MO,19269,42.76951,-87.97663,HZ-C-10,Hospitality,WOOD,2001,9,3168323,291204,221634,3681161
LOC000540,ACC0166,POL00335,South,TX,30202,26.46647,-84.41015,HZ-S-10,Residential,STEEL,2012,14,474082,63016,218337,755435
LOC000541,ACC0052,POL00251,West,OR,68385,42.64832,-116.51152,HZ-W-17,Hospitality,CONCRETE,1984,19,3890536,295328,376485,4562349
LOC000542,ACC0024,POL00021,East,NJ,77284,38.91094,-75.96126,HZ-E-14,Industrial,CONCRETE,1978,5,3272951,906122,386123,4565196
LOC000543,ACC0077,POL00077,Central,OK,26749,37.61633,-93.43967,HZ-C-16,Industrial,MASONRY,2016,14,2740564,1120329,88049,3948942
LOC000544,ACC0025,POL00238,South,FL,96619,29.62073,-89.78697,HZ-S-14,Industrial,STEEL,1982,19,2411037,180500,47285,2638822
LOC000545,ACC0101,POL00024,North,PA,20917,43.30789,-78.20448,HZ-N-06,Hospitality,STEEL,1990,19,168235,258940,776487,1203662
LOC000546,ACC0055,POL00095,West,WA,20252,47.46751,-116.1579,HZ-W-06,Industrial,WOOD,2005,18,1987218,575901,357915,2921034
LOC000547,ACC0169,POL00309,North,MA,73795,43.279,-75.39837,HZ-N-13,Industrial,STEEL,2000,10,589384,47901,180077,817362
LOC000548,ACC0007,POL00108,North,NY,73060,44.07984,-73.03968,HZ-N-07,Commercial,MASONRY,2005,18,158199,420140,117348,695687
LOC000549,ACC0040,POL00228,South,TX,73576,29.2659,-99.56366,HZ-S-06,Hospitality,WOOD,2007,19,3328444,991873,155362,4475679
LOC000550,ACC0107,POL00254,South,TX,85846,28.00465,-97.94673,HZ-S-14,Industrial,WOOD,2012,13,2488364,841524,53395,3383283
LOC000551,ACC0148,POL00162,East,NC,82516,39.71432,-75.30184,HZ-E-14,Residential,STEEL,2003,16,3139252,1043203,243170,4425625
LOC000552,ACC0050,POL00241,North,PA,55068,43.48757,-79.79193,HZ-N-10,Hospitality,MASONRY,2014,8,2810274,747217,470103,4027594
LOC000553,ACC0107,POL00345,East,NC,95524,41.06539,-73.93903,HZ-E-13,Industrial,CONCRETE,1970,20,1522510,1002447,137529,2662486
LOC000554,ACC0156,POL00252,South,LA,23225,29.34601,-96.53418,HZ-S-06,Hospitality,CONCRETE,1988,8,3242600,200757,699459,4142816
LOC000555,ACC0009,POL00033,South,FL,54267,28.21339,-96.82789,HZ-S-17,Hospitality,WOOD,1979,4,176045,772430,273477,1221952
LOC000556,ACC0069,POL00078,East,VA,77552,40.15499,-73.60934,HZ-E-18,Residential,WOOD,2006,15,1181384,733711,372497,2287592
LOC000557,ACC0053,POL00186,Central,IL,30582,35.37772,-98.41883,HZ-C-04,Industrial,CONCRETE,2014,16,544142,233632,589795,1367569
LOC000558,ACC0113,POL00213,West,CA,10863,45.10657,-122.89315,HZ-W-07,Commercial,CONCRETE,1993,10,747163,782811,350861,1880835
LOC000559,ACC0039,POL00272,East,NJ,65275,40.03876,-76.4755,HZ-E-08,Commercial,MASONRY,2004,14,1215750,801055,749941,2766746
LOC000560,ACC0003,POL00265,Central,MO,19120,38.25597,-99.55356,HZ-C-05,Residential,STEEL,1990,13,3675184,1102456,715337,5492977
LOC000561,ACC0148,POL00030,Central,IL,92786,41.83273,-90.09736,HZ-C-05,Industrial,CONCRETE,2001,18,1920631,148908,412369,2481908
LOC000562,ACC0157,POL00076,Central,OK,62944,35.07112,-95.80329,HZ-C-17,Hospitality,MASONRY,2019,20,3215099,677866,360875,4253840
LOC000563,ACC0022,POL00019,West,WA,80442,38.47209,-122.22434,HZ-W-10,Industrial,CONCRETE,1966,17,1954485,744043,680271,3378799
LOC000564,ACC0006,POL00015,Central,MO,80770,39.96607,-92.17996,HZ-C-06,Industrial,MASONRY,1988,14,996467,214656,536526,1747649
LOC000565,ACC0013,POL00334,Central,IL,26351,37.33781,-92.38751,HZ-C-04,Hospitality,STEEL,2023,1,3170172,145715,391096,3706983
LOC000566,ACC0173,POL00072,East,NJ,59501,35.8707,-76.90559,HZ-E-19,Commercial,WOOD,1991,17,3478040,1138387,624478,5240905
LOC000567,ACC0024,POL00032,East,VA,65690,39.69312,-73.20094,HZ-E-03,Commercial,CONCRETE,1977,15,2005512,225495,153672,2384679
LOC000568,ACC0150,POL00256,North,PA,93422,42.79484,-72.21175,HZ-N-09,Hospitality,CONCRETE,2012,14,2307275,864635,616813,3788723
LOC000569,ACC0136,POL00061,Central,IL,37871,41.40036,-98.05922,HZ-C-17,Hospitality,CONCRETE,1954,6,2221419,286598,508312,3016329
LOC000570,ACC0147,POL00149,Central,MO,15279,42.67086,-98.34496,HZ-C-12,Commercial,WOOD,1997,10,3965878,269070,630823,4865771
LOC000571,ACC0108,POL00025,Central,MO,49998,42.12083,-97.8679,HZ-C-19,Industrial,MASONRY,1973,16,1333046,1039059,29336,2401441
LOC000572,ACC0116,POL00173,North,PA,59454,42.08788,-74.26941,HZ-N-19,Hospitality,MASONRY,1967,17,1562339,161693,46852,1770884
LOC000573,ACC0171,POL00320,East,VA,63690,40.93076,-76.72349,HZ-E-20,Hospitality,MASONRY,2000,11,2898526,961777,156219,4016522
LOC000574,ACC0007,POL00293,East,NC,92589,36.219,-78.38029,HZ-E-06,Industrial,WOOD,2021,3,3833111,949240,771660,5554011
LOC000575,ACC0005,POL00062,South,LA,96278,29.69578,-84.98883,HZ-S-17,Commercial,WOOD,1985,7,2372617,130885,597944,3101446
LOC000576,ACC0151,POL00024,South,LA,74418,32.26229,-87.8629,HZ-S-13,Residential,STEEL,2005,6,3618674,951616,88759,4659049
LOC000577,ACC0044,POL00147,East,NC,28878,34.7282,-72.1415,HZ-E-18,Commercial,STEEL,1961,5,1431198,821135,269670,2522003
LOC000578,ACC0015,POL00153,South,TX,61110,30.53028,-93.49419,HZ-S-01,Residential,STEEL,1968,14,2946290,374819,61775,3382884
LOC000579,ACC0061,POL00253,Central,MO,76666,36.82304,-88.71799,HZ-C-19,Hospitality,WOOD,1984,2,1675016,273684,54398,2003098
LOC000580,ACC0069,POL00284,South,LA,86830,25.26016,-87.32917,HZ-S-01,Residential,MASONRY,2021,5,1807402,157275,507690,2472367
LOC000581,ACC0096,POL00277,South,TX,32044,29.50389,-84.34237,HZ-S-05,Commercial,CONCRETE,2021,15,1970585,195968,666683,2833236
LOC000582,ACC0070,POL00307,North,MA,42884,44.86041,-79.99457,HZ-N-16,Hospitality,STEEL,1977,19,3578637,626600,684781,4890018
LOC000583,ACC0102,POL00063,Central,MO,28304,39.8068,-98.95097,HZ-C-03,Industrial,CONCRETE,1976,20,290776,358514,775089,1424379
LOC000584,ACC0070,POL00126,East,VA,96805,36.09088,-73.73114,HZ-E-15,Industrial,STEEL,1976,15,3807477,738558,666023,5212058
LOC000585,ACC0003,POL00345,Central,MO,32745,43.30032,-90.8682,HZ-C-01,Hospitality,CONCRETE,2000,18,166582,300443,677844,1144869
LOC000586,ACC0173,POL00064,North,PA,56267,40.15474,-71.67916,HZ-N-15,Hospitality,STEEL,1999,6,2831609,182577,564814,3579000
LOC000587,ACC0057,POL00011,Central,OK,46848,38.33433,-97.10514,HZ-C-01,Industrial,MASONRY,1961,20,135363,281648,485168,902179
LOC000588,ACC0156,POL00108,East,NC,10935,41.73837,-78.74243,HZ-E-16,Commercial,CONCRETE,1964,9,1027560,511274,517795,2056629
LOC000589,ACC0145,POL00090,East,VA,18566,39.27871,-75.04005,HZ-E-20,Commercial,WOOD,1966,9,815032,1177177,203182,2195391
LOC000590,ACC0178,POL00348,Central,IL,79853,42.04027,-97.12223,HZ-C-01,Industrial,CONCRETE,1950,14,3795194,1116978,764305,5676477
LOC000591,ACC0175,POL00266,West,WA,71156,45.50946,-120.33812,HZ-W-04,Hospitality,STEEL,2016,2,317528,697378,453559,1468465
LOC000592,ACC0050,POL00172,Central,IL,20722,39.79169,-95.25637,HZ-C-13,Residential,MASONRY,2004,3,296984,602867,440467,1340318
LOC000593,ACC0123,POL00222,Central,IL,13148,35.5656,-90.62058,HZ-C-01,Industrial,STEEL,1981,4,789885,710434,325903,1826222
LOC000594,ACC0154,POL00318,East,VA,67478,38.1574,-77.34279,HZ-E-03,Residential,CONCRETE,2024,4,3591831,134153,349792,4075776
LOC000595,ACC0033,POL00032,North,NY,67923,41.5664,-71.52308,HZ-N-03,Residential,STEEL,2005,3,3944978,89926,395727,4430631
LOC000596,ACC0106,POL00120,North,NY,88587,44.24965,-75.98317,HZ-N-20,Residential,CONCRETE,1999,15,2445698,129477,309242,2884417
LOC000597,ACC0117,POL00265,West,WA,53017,42.41474,-117.91802,HZ-W-01,Commercial,WOOD,1963,1,2697241,232395,356113,3285749
LOC000598,ACC0108,POL00247,East,NJ,91376,35.00785,-75.43771,HZ-E-12,Hospitality,MASONRY,1981,5,2586746,426039,601056,3613841
LOC000599,ACC0080,POL00299,West,CA,80928,38.97357,-115.36233,HZ-W-12,Commercial,MASONRY,2010,10,635531,673612,612916,1922059
LOC000600,ACC0061,POL00260,East,VA,83328,38.69152,-74.2519,HZ-E-02,Residential,CONCRETE,1994,7,1646985,36948,542827,2226760
LOC000601,ACC0154,POL00170,Central,OK,85813,38.07397,-89.9821,HZ-C-15,Industrial,STEEL,2003,11,3910526,442075,71726,4424327
LOC000602,ACC0178,POL00118,South,TX,71149,26.97465,-99.92606,HZ-S-08,Commercial,MASONRY,2011,11,3774652,108483,520021,4403156
LOC000603,ACC0019,POL00184,West,OR,13934,45.21735,-123.93947,HZ-W-01,Residential,MASONRY,1987,15,961159,859516,193194,2013869
LOC000604,ACC0045,POL00113,South,LA,44340,33.77778,-96.01754,HZ-S-10,Commercial,STEEL,2020,8,3928178,774784,46037,4748999
LOC000605,ACC0168,POL00057,South,FL,54352,25.18894,-86.45095,HZ-S-13,Commercial,STEEL,2008,8,838522,569010,106105,1513637
LOC000606,ACC0017,POL00061,East,VA,28931,41.81681,-72.01614,HZ-E-14,Commercial,MASONRY,1974,18,2872052,379367,552522,3803941
LOC000607,ACC0151,POL00097,East,VA,80184,35.9564,-78.67663,HZ-E-20,Industrial,MASONRY,1991,8,1433585,920811,667044,3021440
LOC000608,ACC0021,POL00241,North,MA,96966,44.84192,-71.14166,HZ-N-07,Residential,MASONRY,2015,13,3761004,285202,532959,4579165
LOC000609,ACC0096,POL00270,West,WA,73346,39.9774,-119.82159,HZ-W-11,Hospitality,CONCRETE,1984,19,3250493,1087782,392446,4730721
LOC000610,ACC0102,POL00112,East,NC,50107,35.75621,-77.579,HZ-E-08,Hospitality,CONCRETE,2023,6,2825195,96765,217264,3139224
LOC000611,ACC0133,POL00181,Central,MO,40169,36.20897,-98.73958,HZ-C-15,Residential,CONCRETE,2015,20,1167573,1174591,88876,2431040
LOC000612,ACC0098,POL00013,South,TX,33536,28.30761,-90.04914,HZ-S-09,Hospitality,MASONRY,1983,3,2061050,927030,428818,3416898
LOC000613,ACC0059,POL00051,South,FL,25543,29.91987,-98.43682,HZ-S-09,Residential,STEEL,1954,18,1335297,1072277,537700,2945274
LOC000614,ACC0049,POL00310,South,FL,28070,27.72444,-83.6887,HZ-S-09,Industrial,WOOD,1988,10,2931605,710469,262168,3904242
LOC000615,ACC0102,POL00117,Central,MO,39743,40.88682,-85.16088,HZ-C-05,Commercial,CONCRETE,1979,17,1801874,44936,494932,2341742
LOC000616,ACC0081,POL00097,East,NC,66202,40.51518,-76.61538,HZ-E-03,Hospitality,MASONRY,2006,15,3277694,1003015,757607,5038316
LOC000617,ACC0128,POL00338,Central,IL,56486,42.86375,-95.41642,HZ-C-01,Industrial,MASONRY,2003,14,1671606,311399,605561,2588566
LOC000618,ACC0036,POL00079,West,OR,53286,37.21727,-123.79084,HZ-W-02,Hospitality,CONCRETE,1976,13,3299589,1147437,314192,4761218
LOC000619,ACC0024,POL00088,North,MA,23672,41.64421,-70.38062,HZ-N-10,Commercial,WOOD,2012,1,889949,1015680,113915,2019544
LOC000620,ACC0018,POL00233,South,FL,17530,26.85303,-94.17789,HZ-S-17,Industrial,WOOD,1971,11,3922459,829278,297604,5049341
LOC000621,ACC0100,POL00106,Central,MO,27030,36.16224,-93.7238,HZ-C-03,Commercial,STEEL,2005,16,1740414,349327,116123,2205864
LOC000622,ACC0002,POL00074,North,PA,68422,43.58386,-75.41044,HZ-N-07,Residential,CONCRETE,1981,17,1401550,445664,526883,2374097
LOC000623,ACC0074,POL00331,South,LA,69809,29.16426,-99.2183,HZ-S-03,Industrial,STEEL,2000,20,3787797,1049614,482559,5319970
LOC000624,ACC0099,POL00338,Central,IL,34044,43.09968,-89.00134,HZ-C-15,Residential,CONCRETE,1955,8,1840857,542473,188301,2571631
LOC000625,ACC0127,POL00211,Central,IL,82459,40.99991,-98.99884,HZ-C-07,Residential,STEEL,1959,4,1248300,1147717,306068,2702085
LOC000626,ACC0007,POL00038,East,VA,93737,36.02213,-75.45755,HZ-E-15,Hospitality,CONCRETE,1993,13,1820067,965681,172846,2958594
LOC000627,ACC0172,POL00238,Central,MO,73538,36.03214,-86.24295,HZ-C-11,Hospitality,WOOD,1960,18,258438,42517,262779,563734
LOC000628,ACC0005,POL00311,West,WA,23174,45.12683,-116.42594,HZ-W-06,Commercial,STEEL,1965,18,1935946,314137,493656,2743739
LOC000629,ACC0056,POL00018,West,CA,98479,36.37204,-120.03408,HZ-W-06,Commercial,CONCRETE,1956,17,425416,43510,710287,1179213
LOC000630,ACC0002,POL00025,West,WA,59465,43.04555,-120.00412,HZ-W-20,Commercial,MASONRY,1997,8,2868410,235573,409593,3513576
LOC000631,ACC0057,POL00050,South,FL,97046,28.03405,-96.15696,HZ-S-03,Commercial,MASONRY,1955,14,1868665,78603,15267,1962535
LOC000632,ACC0102,POL00220,East,VA,25834,35.51638,-77.55016,HZ-E-18,Commercial,MASONRY,1963,12,1453416,1198712,657233,3309361
LOC000633,ACC0169,POL00143,South,FL,95189,28.50268,-90.82448,HZ-S-03,Industrial,WOOD,1958,7,1786695,683203,12563,2482461
LOC000634,ACC0044,POL00129,East,NC,22418,38.28945,-72.06628,HZ-E-19,Industrial,CONCRETE,1967,11,2195373,233518,747143,3176034
LOC000635,ACC0115,POL00196,South,LA,76981,28.01595,-87.82933,HZ-S-19,Commercial,WOOD,1979,1,1433650,1031100,70793,2535543
LOC000636,ACC0016,POL00071,East,NJ,59089,37.42798,-77.29518,HZ-E-03,Hospitality,STEEL,1975,5,1395405,515759,773758,2684922
LOC000637,ACC0035,POL00143,East,NC,51620,38.7846,-72.37886,HZ-E-11,Residential,CONCRETE,1986,1,258992,519256,760541,1538789
LOC000638,ACC0176,POL00114,South,LA,89700,26.85236,-98.91852,HZ-S-08,Hospitality,STEEL,1973,15,1489448,738753,254016,2482217
LOC000639,ACC0053,POL00065,East,NJ,22027,41.62929,-78.63525,HZ-E-05,Commercial,MASONRY,1980,17,3748485,1051048,73384,4872917
LOC000640,ACC0156,POL00128,North,PA,49728,43.60837,-77.55075,HZ-N-06,Industrial,CONCRETE,1975,9,2059051,673185,172132,2904368
LOC000641,ACC0130,POL00313,Central,MO,66810,38.39946,-92.9393,HZ-C-14,Commercial,CONCRETE,1952,13,435611,774097,417589,1627297
LOC000642,ACC0066,POL00195,East,NJ,70771,38.29758,-75.13004,HZ-E-06,Industrial,CONCRETE,1986,13,3282882,649631,624094,4556607
LOC000643,ACC0002,POL00007,East,VA,75627,39.71891,-77.62999,HZ-E-07,Industrial,CONCRETE,2001,14,401736,718842,143294,1263872
LOC000644,ACC0105,POL00020,Central,OK,26315,37.7703,-85.18717,HZ-C-03,Hospitality,MASONRY,1974,14,1665083,825384,513331,3003798
LOC000645,ACC0167,POL00198,Central,OK,65579,39.3976,-89.67266,HZ-C-02,Commercial,MASONRY,2011,2,1562044,1088726,743575,3394345
LOC000646,ACC0117,POL00349,Central,MO,29315,40.99108,-97.78174,HZ-C-20,Industrial,MASONRY,2024,6,2746407,79257,731351,3557015
LOC000647,ACC0133,POL00097,North,NY,65436,43.53035,-70.25854,HZ-N-03,Commercial,CONCRETE,1982,10,2802798,826035,416983,4045816
LOC000648,ACC0028,POL00326,East,NC,85053,36.46383,-76.11874,HZ-E-03,Industrial,MASONRY,1984,7,2861890,822765,614549,4299204
LOC000649,ACC0025,POL00036,Central,MO,64767,43.88323,-87.75416,HZ-C-01,Hospitality,STEEL,2005,6,3031856,666133,6732,3704721
LOC000650,ACC0116,POL00291,South,FL,37862,29.37824,-89.94772,HZ-S-04,Commercial,MASONRY,1957,6,3052987,301714,207639,3562340
LOC000651,ACC0021,POL00151,West,CA,21233,42.0294,-118.38021,HZ-W-06,Hospitality,WOOD,1985,3,1187800,877299,462139,2527238
LOC000652,ACC0069,POL00004,South,LA,97205,31.05524,-97.98382,HZ-S-02,Residential,WOOD,1977,17,1084739,1022222,508763,2615724
LOC000653,ACC0155,POL00220,West,OR,54112,36.25337,-119.62666,HZ-W-11,Industrial,STEEL,1990,8,2629101,1110674,798347,4538122
LOC000654,ACC0026,POL00002,Central,OK,69889,35.51517,-94.65956,HZ-C-11,Hospitality,MASONRY,1953,20,1771309,813637,640479,3225425
LOC000655,ACC0132,POL00212,North,PA,96537,42.25959,-73.13815,HZ-N-16,Commercial,WOOD,1991,1,1272171,541221,386326,2199718
LOC000656,ACC0157,POL00042,East,NJ,55656,37.55445,-74.75266,HZ-E-13,Hospitality,CONCRETE,1962,13,3487142,702675,710860,4900677
LOC000657,ACC0009,POL00066,South,FL,75264,32.88611,-84.30276,HZ-S-17,Residential,STEEL,2020,15,3086101,320231,545316,3951648
LOC000658,ACC0169,POL00046,South,TX,23824,29.86601,-95.13288,HZ-S-06,Hospitality,WOOD,1970,11,585191,1031180,694830,2311201
LOC000659,ACC0171,POL00070,Central,MO,80063,39.28672,-86.53734,HZ-C-04,Hospitality,WOOD,1992,8,1024324,560286,698281,2282891
LOC000660,ACC0168,POL00329,Central,OK,83649,43.1915,-88.85548,HZ-C-13,Hospitality,MASONRY,1978,9,371233,739796,395323,1506352
LOC000661,ACC0147,POL00189,North,NY,26700,43.70291,-70.62789,HZ-N-04,Industrial,CONCRETE,2023,1,567172,206938,356765,1130875
LOC000662,ACC0174,POL00065,South,LA,78124,33.81865,-93.60714,HZ-S-12,Commercial,WOOD,2000,1,2346481,418160,407000,3171641
LOC000663,ACC0038,POL00308,East,VA,47144,40.69773,-75.50117,HZ-E-15,Commercial,WOOD,1990,10,1425090,323459,311242,2059791
LOC000664,ACC0127,POL00150,East,NC,59375,38.59178,-74.58246,HZ-E-07,Residential,STEEL,1969,7,617845,593471,740842,1952158
LOC000665,ACC0169,POL00082,Central,IL,12826,42.71101,-89.08907,HZ-C-10,Hospitality,STEEL,2004,16,3037721,130239,187716,3355676
LOC000666,ACC0180,POL00281,Central,MO,61612,41.54079,-95.76454,HZ-C-07,Residential,MASONRY,1991,19,1740237,170624,553485,2464346
LOC000667,ACC0179,POL00248,Central,IL,48152,40.89171,-91.34264,HZ-C-15,Commercial,MASONRY,1977,7,3664360,657689,479757,4801806
LOC000668,ACC0110,POL00348,West,CA,32049,44.56799,-116.27412,HZ-W-13,Residential,WOOD,1995,16,1619285,233800,711267,2564352
LOC000669,ACC0161,POL00207,South,FL,42112,28.04637,-91.32357,HZ-S-05,Residential,WOOD,1980,13,592188,1100945,681676,2374809
LOC000670,ACC0119,POL00333,East,NC,60082,39.9616,-73.56905,HZ-E-03,Industrial,CONCRETE,1997,1,2600457,381731,684507,3666695
LOC000671,ACC0151,POL00294,North,NY,85055,43.34396,-74.90252,HZ-N-01,Hospitality,STEEL,1962,19,611921,1045965,672566,2330452
LOC000672,ACC0138,POL00095,South,TX,63127,30.14281,-98.01117,HZ-S-03,Residential,CONCRETE,2021,18,2803634,929443,312856,4045933
LOC000673,ACC0054,POL00338,West,WA,25378,45.3943,-119.14916,HZ-W-04,Commercial,MASONRY,1950,18,2149182,154074,544107,2847363
LOC000674,ACC0144,POL00132,East,VA,14588,38.60065,-74.43152,HZ-E-03,Residential,WOOD,2014,10,616089,102089,135073,853251
LOC000675,ACC0076,POL00338,East,NC,80005,34.00068,-76.8958,HZ-E-17,Hospitality,MASONRY,2023,16,819755,907202,690130,2417087
LOC000676,ACC0170,POL00023,West,WA,41077,40.61135,-122.11144,HZ-W-04,Residential,MASONRY,1968,10,3920101,758443,635617,5314161
LOC000677,ACC0109,POL00039,Central,IL,82069,40.32605,-95.83906,HZ-C-20,Industrial,STEEL,1998,6,662909,1177776,226534,2067219
LOC000678,ACC0163,POL00331,East,NJ,35248,35.14595,-77.57366,HZ-E-09,Industrial,MASONRY,2003,5,1166105,912009,728252,2806366
LOC000679,ACC0029,POL00281,South,TX,63317,27.22748,-94.5975,HZ-S-18,Residential,STEEL,1961,12,1689397,74336,632928,2396661
LOC000680,ACC0097,POL00054,Central,MO,26187,35.08877,-94.34266,HZ-C-08,Commercial,STEEL,2025,16,713750,493464,286939,1494153
LOC000681,ACC0044,POL00163,North,MA,61060,41.35527,-79.00934,HZ-N-02,Commercial,STEEL,2018,18,3037923,611389,578333,4227645
LOC000682,ACC0169,POL00065,East,VA,28700,34.07598,-75.40504,HZ-E-05,Hospitality,STEEL,1956,12,2100103,287538,271645,2659286
LOC000683,ACC0120,POL00258,West,CA,47594,39.32459,-120.04936,HZ-W-12,Industrial,CONCRETE,2016,8,2944640,897120,741119,4582879
LOC000684,ACC0062,POL00048,South,FL,31641,32.60721,-87.30647,HZ-S-03,Residential,WOOD,1986,18,1382037,872523,327928,2582488
LOC000685,ACC0179,POL00064,Central,IL,63145,36.22786,-92.53292,HZ-C-18,Residential,MASONRY,1950,14,1878316,1086784,766296,3731396
LOC000686,ACC0176,POL00312,West,WA,15551,42.57879,-115.71587,HZ-W-17,Hospitality,MASONRY,2017,8,1547289,532179,774879,2854347
LOC000687,ACC0098,POL00088,South,TX,58927,28.17962,-98.98187,HZ-S-16,Residential,STEEL,1981,18,3620736,299589,538637,4458962
LOC000688,ACC0101,POL00112,Central,IL,49953,37.64191,-96.80401,HZ-C-19,Residential,CONCRETE,2012,2,1316619,647421,506592,2470632
LOC000689,ACC0103,POL00182,South,LA,11161,28.18503,-99.89691,HZ-S-06,Residential,CONCRETE,2012,7,2030864,709023,312843,3052730
LOC000690,ACC0169,POL00129,North,PA,39634,40.61921,-75.12588,HZ-N-05,Hospitality,CONCRETE,1997,10,3868623,342354,430670,4641647
LOC000691,ACC0042,POL00072,East,NJ,56365,41.91495,-74.40604,HZ-E-15,Hospitality,WOOD,1995,7,2349939,585144,113974,3049057
LOC000692,ACC0042,POL00342,North,MA,36082,42.10528,-76.68786,HZ-N-02,Hospitality,STEEL,1965,14,268847,300347,413711,982905
LOC000693,ACC0129,POL00200,East,VA,27225,40.00872,-73.53764,HZ-E-13,Residential,WOOD,1952,5,3454688,287248,340669,4082605
LOC000694,ACC0003,POL00223,North,PA,72939,43.39155,-76.57859,HZ-N-20,Industrial,STEEL,2012,3,157247,515986,54567,727800
LOC000695,ACC0068,POL00127,West,CA,97337,40.17984,-121.7548,HZ-W-04,Hospitality,MASONRY,2010,4,2690457,339806,764672,3794935
LOC000696,ACC0059,POL00062,West,WA,27340,47.88083,-118.67923,HZ-W-05,Hospitality,WOOD,1985,7,2663141,399979,197833,3260953
LOC000697,ACC0079,POL00325,Central,MO,40333,42.77915,-94.29471,HZ-C-17,Commercial,STEEL,2004,16,174077,438682,95352,708111
LOC000698,ACC0108,POL00127,North,MA,51922,40.55027,-76.36424,HZ-N-12,Residential,MASONRY,1955,1,2800599,128329,319071,3247999
LOC000699,ACC0111,POL00095,North,PA,43064,42.36029,-70.91518,HZ-N-04,Hospitality,STEEL,1992,10,1449054,464549,299176,2212779
LOC000700,ACC0151,POL00271,North,PA,89261,41.65606,-72.58708,HZ-N-12,Industrial,MASONRY,1985,7,157300,1177141,136637,1471078
LOC000701,ACC0151,POL00336,East,NJ,34960,39.03647,-74.78715,HZ-E-02,Commercial,CONCRETE,1962,3,3821160,243064,136823,4201047
LOC000702,ACC0040,POL00023,Central,OK,26755,39.26779,-88.58518,HZ-C-18,Commercial,CONCRETE,2020,9,1538218,652241,760585,2951044
LOC000703,ACC0018,POL00248,Central,OK,64919,40.66878,-98.23857,HZ-C-14,Residential,MASONRY,1985,5,1556847,787582,470267,2814696
LOC000704,ACC0132,POL00039,South,LA,31694,32.3308,-90.09948,HZ-S-18,Hospitality,CONCRETE,2021,13,354985,418859,776696,1550540
LOC000705,ACC0132,POL00234,East,VA,76036,35.28002,-77.47535,HZ-E-01,Industrial,STEEL,1978,10,967904,406015,3775,1377694
LOC000706,ACC0164,POL00076,West,WA,46406,32.7298,-121.85605,HZ-W-02,Commercial,STEEL,1956,8,599555,378841,234807,1213203
LOC000707,ACC0084,POL00043,Central,IL,81994,40.83781,-90.50976,HZ-C-12,Industrial,MASONRY,2002,20,2342253,263657,1467,2607377
LOC000708,ACC0066,POL00009,South,FL,80436,26.97352,-80.69545,HZ-S-06,Residential,CONCRETE,1982,20,2725446,41827,372751,3140024
LOC000709,ACC0040,POL00229,East,VA,40372,35.63135,-74.5914,HZ-E-13,Hospitality,STEEL,1968,16,1025427,700028,281850,2007305
LOC000710,ACC0166,POL00145,North,NY,12758,40.9443,-75.09482,HZ-N-06,Industrial,MASONRY,1972,13,2026821,408031,184665,2619517
LOC000711,ACC0026,POL00270,West,CA,27995,38.82232,-119.90478,HZ-W-13,Residential,WOOD,1998,13,391311,320988,75548,787847
LOC000712,ACC0161,POL00308,North,NY,11769,41.24171,-79.16404,HZ-N-05,Residential,WOOD,2019,11,3302123,111729,138599,3552451
LOC000713,ACC0079,POL00170,Central,IL,72771,41.83705,-86.61415,HZ-C-06,Commercial,MASONRY,1957,18,948598,311986,503762,1764346
LOC000714,ACC0027,POL00262,West,WA,64432,45.1988,-123.07466,HZ-W-10,Commercial,WOOD,1978,1,2380077,278108,22238,2680423
LOC000715,ACC0176,POL00058,South,TX,74463,27.58162,-81.56618,HZ-S-13,Commercial,WOOD,1978,4,718141,760944,687199,2166284
LOC000716,ACC0012,POL00310,Central,MO,29805,38.00352,-94.5926,HZ-C-03,Commercial,CONCRETE,2017,11,1598657,179991,645604,2424252
LOC000717,ACC0090,POL00054,East,NC,45532,39.49729,-74.62669,HZ-E-10,Hospitality,STEEL,1983,3,1883604,335034,699686,2918324
LOC000718,ACC0018,POL00058,West,CA,85739,34.36448,-119.97974,HZ-W-16,Hospitality,STEEL,1968,3,3362262,327419,335812,4025493
LOC000719,ACC0155,POL00326,South,FL,53707,27.87384,-91.52336,HZ-S-14,Commercial,MASONRY,1999,14,862827,827440,369737,2060004
LOC000720,ACC0149,POL00216,East,NC,79067,38.2897,-77.3892,HZ-E-03,Commercial,WOOD,1980,12,2338796,1053060,558339,3950195
LOC000721,ACC0090,POL00185,North,NY,28264,44.78808,-70.79096,HZ-N-02,Industrial,CONCRETE,1968,18,1620009,1190996,496947,3307952
LOC000722,ACC0097,POL00014,Central,MO,65667,35.50279,-97.93298,HZ-C-05,Industrial,WOOD,1963,19,1117107,461948,235496,1814551
LOC000723,ACC0020,POL00007,North,PA,84603,40.73443,-78.58723,HZ-N-08,Hospitality,MASONRY,1973,16,3751045,351713,31652,4134410
LOC000724,ACC0074,POL00057,West,WA,30432,38.58436,-120.96397,HZ-W-01,Residential,WOOD,1972,17,2312285,648113,493024,3453422
LOC000725,ACC0147,POL00257,South,TX,50112,33.53418,-90.91407,HZ-S-09,Commercial,CONCRETE,1970,9,3592513,908397,712930,5213840
LOC000726,ACC0101,POL00095,Central,OK,83307,36.90678,-90.71434,HZ-C-08,Residential,CONCRETE,2011,11,1683602,282423,779233,2745258
LOC000727,ACC0050,POL00139,West,OR,24208,32.87475,-120.6567,HZ-W-14,Residential,WOOD,1996,20,3569753,817903,172830,4560486
LOC000728,ACC0153,POL00006,West,OR,50516,34.60417,-123.04182,HZ-W-07,Commercial,MASONRY,1954,8,217645,522330,295915,1035890
LOC000729,ACC0081,POL00048,South,LA,50449,33.87845,-90.32386,HZ-S-02,Residential,STEEL,1986,13,2468929,114108,591123,3174160
LOC000730,ACC0085,POL00209,East,VA,76005,36.8467,-78.09338,HZ-E-04,Residential,MASONRY,1953,19,3253455,839234,760939,4853628
LOC000731,ACC0161,POL00048,West,OR,40352,34.57957,-117.85863,HZ-W-03,Commercial,MASONRY,1970,17,2559364,98450,304212,2962026
LOC000732,ACC0093,POL00320,East,NC,66479,37.57984,-78.08162,HZ-E-10,Residential,CONCRETE,1980,7,2653236,1117412,357999,4128647
LOC000733,ACC0037,POL00159,Central,OK,81714,40.65011,-92.53716,HZ-C-01,Residential,CONCRETE,1962,15,414565,339608,594438,1348611
LOC000734,ACC0046,POL00236,South,TX,43809,30.1886,-92.93263,HZ-S-03,Hospitality,STEEL,2006,5,777264,162945,293724,1233933
LOC000735,ACC0175,POL00067,Central,OK,67780,42.73103,-93.98591,HZ-C-20,Industrial,STEEL,1997,3,2147906,103031,381128,2632065
LOC000736,ACC0063,POL00288,West,WA,11041,32.68281,-115.20312,HZ-W-02,Commercial,WOOD,1987,13,1987823,571189,715711,3274723
LOC000737,ACC0090,POL00239,North,MA,71405,41.94111,-75.37721,HZ-N-03,Hospitality,WOOD,1960,6,3681219,173047,233886,4088152
LOC000738,ACC0155,POL00249,West,OR,37870,38.42433,-123.41976,HZ-W-11,Hospitality,WOOD,1985,15,3322134,928306,209160,4459600
LOC000739,ACC0098,POL00032,North,NY,57381,41.06735,-74.31793,HZ-N-20,Hospitality,CONCRETE,1977,2,2071186,325164,671315,3067665
LOC000740,ACC0018,POL00141,South,FL,63093,27.26864,-96.47789,HZ-S-05,Residential,STEEL,2007,14,3281867,906928,282956,4471751
LOC000741,ACC0088,POL00153,East,NC,31565,40.64439,-78.35291,HZ-E-14,Commercial,STEEL,2003,16,3845821,564100,193020,4602941
LOC000742,ACC0100,POL00006,East,NC,83519,37.49427,-72.61182,HZ-E-19,Commercial,WOOD,2024,20,3387736,356989,730532,4475257
LOC000743,ACC0128,POL00163,North,PA,24890,40.75253,-75.41341,HZ-N-05,Hospitality,STEEL,2016,1,3554025,683780,14875,4252680
LOC000744,ACC0049,POL00216,Central,IL,81576,43.72512,-98.53831,HZ-C-07,Commercial,CONCRETE,1977,12,2760417,962310,669952,4392679
LOC000745,ACC0129,POL00064,South,FL,75422,32.32401,-99.67617,HZ-S-10,Hospitality,CONCRETE,2002,12,2950567,50138,388241,3388946
LOC000746,ACC0096,POL00091,South,LA,82450,26.02042,-96.48372,HZ-S-14,Commercial,CONCRETE,1998,10,1886140,1117166,352139,3355445
LOC000747,ACC0023,POL00054,Central,OK,21749,37.54924,-90.69435,HZ-C-04,Residential,CONCRETE,1963,16,2953308,937490,664909,4555707
LOC000748,ACC0171,POL00149,West,WA,65134,42.1364,-119.46975,HZ-W-02,Commercial,MASONRY,2008,18,3989079,1162389,104545,5256013
LOC000749,ACC0106,POL00331,East,NJ,61879,36.80491,-73.44374,HZ-E-15,Residential,STEEL,1978,17,3691761,1004768,130485,4827014
LOC000750,ACC0009,POL00008,South,LA,13440,31.05971,-99.91685,HZ-S-14,Commercial,STEEL,2016,20,1209389,664657,434861,2308907
LOC000751,ACC0165,POL00202,South,FL,16760,30.00166,-92.17275,HZ-S-20,Hospitality,MASONRY,1999,6,2499928,921816,253578,3675322
LOC000752,ACC0130,POL00061,East,VA,92764,35.84776,-74.02983,HZ-E-05,Hospitality,STEEL,2020,6,2269617,352280,458648,3080545
LOC000753,ACC0040,POL00015,Central,IL,91015,38.93679,-90.56659,HZ-C-19,Residential,CONCRETE,1953,5,491137,215591,26885,733613
LOC000754,ACC0050,POL00275,Central,OK,42145,37.1575,-86.53136,HZ-C-10,Hospitality,STEEL,1956,9,2748710,771034,195617,3715361
LOC000755,ACC0118,POL00306,North,NY,26080,44.92399,-71.33061,HZ-N-04,Residential,MASONRY,1986,9,2731665,68529,669396,3469590
LOC000756,ACC0126,POL00012,Central,IL,64230,43.21447,-96.88041,HZ-C-04,Residential,CONCRETE,1959,7,424561,1056506,378952,1860019
LOC000757,ACC0077,POL00006,West,OR,33419,46.53284,-116.72306,HZ-W-06,Residential,WOOD,1993,12,3831728,677635,664327,5173690
LOC000758,ACC0050,POL00311,East,NC,13873,35.26711,-73.80812,HZ-E-04,Residential,MASONRY,1977,12,2616552,1166057,5258,3787867
LOC000759,ACC0069,POL00141,North,NY,73120,41.09881,-72.72256,HZ-N-05,Commercial,WOOD,1994,18,223721,706900,145295,1075916
LOC000760,ACC0065,POL00089,West,OR,35936,40.2025,-120.40052,HZ-W-07,Industrial,CONCRETE,1963,19,3225572,1059771,457244,4742587
LOC000761,ACC0109,POL00306,West,WA,45608,47.26019,-119.60951,HZ-W-15,Industrial,WOOD,1999,14,1406882,367399,215830,1990111
LOC000762,ACC0065,POL00301,South,TX,63714,26.50524,-99.3248,HZ-S-17,Industrial,STEEL,2000,1,1668503,154776,471233,2294512
LOC000763,ACC0096,POL00075,North,MA,51215,41.22659,-77.84816,HZ-N-12,Residential,WOOD,1990,1,1900978,409891,375122,2685991
LOC000764,ACC0055,POL00270,West,CA,38503,40.98625,-120.52968,HZ-W-20,Residential,STEEL,1959,19,2051931,694362,243949,2990242
LOC000765,ACC0127,POL00256,Central,MO,16133,42.32055,-97.02774,HZ-C-02,Industrial,CONCRETE,1965,4,2961068,932692,333219,4226979
LOC000766,ACC0002,POL00237,East,NC,47272,38.61131,-77.00474,HZ-E-19,Commercial,CONCRETE,1954,18,1471012,822910,247906,2541828
LOC000767,ACC0078,POL00141,Central,IL,51574,39.22904,-87.55225,HZ-C-14,Industrial,CONCRETE,1960,18,1515115,54125,72827,1642067
LOC000768,ACC0165,POL00063,West,OR,59008,36.7751,-115.1443,HZ-W-16,Residential,WOOD,1978,2,2668258,118718,412433,3199409
LOC000769,ACC0049,POL00189,Central,IL,80458,41.51828,-96.60488,HZ-C-03,Residential,WOOD,1983,2,540971,697084,720999,1959054
LOC000770,ACC0070,POL00088,North,MA,28056,43.43961,-72.08372,HZ-N-13,Hospitality,WOOD,1966,11,414749,573075,345326,1333150
LOC000771,ACC0062,POL00296,Central,OK,72642,39.02102,-98.1644,HZ-C-17,Hospitality,STEEL,1991,16,3823696,886740,667841,5378277
LOC000772,ACC0169,POL00332,South,TX,36986,25.74515,-88.8297,HZ-S-08,Residential,WOOD,2013,2,3313684,641248,745937,4700869
LOC000773,ACC0152,POL00271,South,LA,77361,26.69126,-97.90931,HZ-S-07,Industrial,STEEL,2008,5,1006537,1001782,403764,2412083
LOC000774,ACC0159,POL00263,Central,IL,36610,43.25028,-94.21636,HZ-C-15,Hospitality,MASONRY,1958,9,3934119,292756,229412,4456287
LOC000775,ACC0062,POL00009,East,NC,70404,37.68763,-78.24979,HZ-E-04,Commercial,STEEL,1953,16,1388266,234044,154444,1776754
LOC000776,ACC0055,POL00078,West,OR,62026,46.83084,-123.2434,HZ-W-14,Hospitality,STEEL,1956,15,1576213,576958,124074,2277245
LOC000777,ACC0104,POL00091,South,FL,87863,33.35218,-96.12137,HZ-S-07,Industrial,CONCRETE,2016,14,306084,822207,767559,1895850
LOC000778,ACC0148,POL00137,North,NY,41295,41.0979,-79.46862,HZ-N-02,Residential,WOOD,1985,8,2810966,542073,116478,3469517
LOC000779,ACC0127,POL00106,Central,OK,32417,38.53597,-96.70168,HZ-C-09,Commercial,STEEL,1986,20,3102380,868422,410945,4381747
LOC000780,ACC0177,POL00123,South,FL,32312,33.17004,-87.55763,HZ-S-10,Industrial,WOOD,1971,6,495281,408138,527685,1431104
LOC000781,ACC0068,POL00040,South,TX,32377,29.27141,-93.31892,HZ-S-06,Residential,STEEL,2010,19,694893,46706,698384,1439983
LOC000782,ACC0059,POL00269,North,NY,75948,44.09463,-74.32733,HZ-N-10,Commercial,MASONRY,1962,4,2082094,249399,47371,2378864
LOC000783,ACC0170,POL00250,South,LA,43231,31.61334,-80.20414,HZ-S-09,Industrial,CONCRETE,1951,12,1507932,969205,514496,2991633
LOC000784,ACC0124,POL00058,South,TX,45381,32.71261,-81.95666,HZ-S-20,Residential,MASONRY,2002,8,3838686,1105970,696188,5640844
LOC000785,ACC0093,POL00106,West,CA,21701,35.90988,-117.33089,HZ-W-14,Commercial,CONCRETE,1963,9,1598181,1064029,32405,2694615
LOC000786,ACC0085,POL00201,Central,OK,87220,36.57457,-86.34509,HZ-C-12,Hospitality,STEEL,1989,7,2385545,962186,552501,3900232
LOC000787,ACC0089,POL00148,North,PA,24442,40.61481,-72.04667,HZ-N-19,Residential,CONCRETE,1968,15,3043712,739898,642113,4425723
LOC000788,ACC0076,POL00008,West,WA,69488,34.60171,-119.61858,HZ-W-03,Residential,MASONRY,1986,19,1315432,1190506,696590,3202528
LOC000789,ACC0065,POL00071,North,MA,55903,41.76128,-71.6589,HZ-N-02,Industrial,MASONRY,1961,9,1382708,30675,451226,1864609
LOC000790,ACC0122,POL00182,North,PA,42601,44.5913,-77.09198,HZ-N-02,Hospitality,CONCRETE,2001,4,925134,926076,613652,2464862
LOC000791,ACC0149,POL00072,Central,MO,99564,40.07517,-89.81615,HZ-C-11,Commercial,STEEL,1967,14,2604162,671660,181720,3457542
LOC000792,ACC0047,POL00193,East,VA,67264,38.53332,-74.60177,HZ-E-18,Residential,MASONRY,2017,15,1379246,199511,311777,1890534
LOC000793,ACC0119,POL00015,West,WA,83257,37.6671,-119.80103,HZ-W-14,Residential,CONCRETE,1961,5,2973783,769855,491130,4234768
LOC000794,ACC0145,POL00151,East,VA,17017,38.09765,-78.10908,HZ-E-18,Hospitality,MASONRY,2001,1,3399374,528864,608512,4536750
LOC000795,ACC0086,POL00305,East,NC,22766,34.43754,-73.19074,HZ-E-04,Industrial,CONCRETE,1992,2,2030305,133972,88771,2253048
LOC000796,ACC0037,POL00288,North,PA,74920,43.58476,-72.98427,HZ-N-17,Commercial,MASONRY,1969,10,2928693,1091269,775278,4795240
LOC000797,ACC0040,POL00310,East,NC,25864,39.5022,-78.19704,HZ-E-01,Residential,MASONRY,1976,4,127056,1037024,653959,1818039
LOC000798,ACC0048,POL00121,East,NC,81659,41.40836,-76.90053,HZ-E-16,Industrial,CONCRETE,1965,14,1961498,839386,58356,2859240
LOC000799,ACC0052,POL00244,North,NY,72975,43.28733,-78.29225,HZ-N-18,Industrial,STEEL,1962,19,875140,317137,780768,1973045
LOC000800,ACC0109,POL00076,East,NC,13666,39.58122,-78.24865,HZ-E-14,Industrial,CONCRETE,1965,19,1254194,840383,404562,2499139
LOC000801,ACC0011,POL00182,East,NC,28258,39.20338,-74.39966,HZ-E-15,Hospitality,CONCRETE,1985,1,1369874,91478,676445,2137797
LOC000802,ACC0132,POL00033,Central,MO,32871,38.13951,-89.40663,HZ-C-13,Commercial,STEEL,2022,11,2199829,1075298,221018,3496145
LOC000803,ACC0097,POL00242,East,NJ,89408,34.54568,-73.12472,HZ-E-16,Commercial,STEEL,1966,11,1267443,655290,413064,2335797
LOC000804,ACC0060,POL00050,East,NC,97197,34.35943,-73.03578,HZ-E-06,Residential,CONCRETE,2010,11,1560017,866775,70852,2497644
LOC000805,ACC0108,POL00033,West,WA,18116,46.39671,-122.43402,HZ-W-13,Industrial,WOOD,1954,3,3437008,516222,110553,4063783
LOC000806,ACC0035,POL00327,East,VA,85206,36.56927,-74.10892,HZ-E-13,Commercial,MASONRY,1982,16,2643985,81780,182522,2908287
LOC000807,ACC0023,POL00299,East,VA,13177,35.29672,-73.30314,HZ-E-07,Residential,MASONRY,1954,5,1045801,441931,778204,2265936
LOC000808,ACC0175,POL00329,Central,MO,79226,39.91923,-98.92052,HZ-C-06,Hospitality,MASONRY,1976,19,3348008,875695,595900,4819603
LOC000809,ACC0113,POL00219,Central,OK,91981,43.0978,-87.19868,HZ-C-03,Hospitality,WOOD,2022,3,1576839,767603,648522,2992964
LOC000810,ACC0085,POL00012,North,PA,39362,42.49356,-79.48521,HZ-N-18,Industrial,STEEL,1999,12,1350854,231629,123655,1706138
LOC000811,ACC0129,POL00160,North,NY,62326,42.87678,-71.46805,HZ-N-20,Residential,WOOD,2024,16,1308248,176818,560383,2045449
LOC000812,ACC0016,POL00072,Central,MO,36769,38.04241,-96.08678,HZ-C-11,Industrial,WOOD,1980,16,2839853,82868,33842,2956563
LOC000813,ACC0157,POL00042,North,PA,82276,44.90528,-70.50092,HZ-N-20,Hospitality,MASONRY,1984,2,3893009,94159,362645,4349813
LOC000814,ACC0006,POL00029,North,MA,13454,41.75129,-75.22407,HZ-N-08,Commercial,CONCRETE,1952,18,2229046,492373,681927,3403346
LOC000815,ACC0036,POL00060,East,VA,67403,35.0019,-74.09064,HZ-E-18,Residential,STEEL,1995,7,3311501,811104,729222,4851827
LOC000816,ACC0146,POL00024,South,FL,11952,30.29756,-95.45748,HZ-S-18,Commercial,WOOD,1959,2,1098958,506609,96459,1702026
LOC000817,ACC0075,POL00067,North,NY,89445,41.74834,-73.44791,HZ-N-08,Hospitality,CONCRETE,1965,3,1285293,111686,329384,1726363
LOC000818,ACC0114,POL00155,North,PA,58094,43.67609,-76.43042,HZ-N-08,Industrial,MASONRY,2017,9,963443,1057941,739513,2760897
LOC000819,ACC0125,POL00144,South,LA,20282,28.11972,-91.78332,HZ-S-20,Commercial,MASONRY,2016,8,2211603,238896,56620,2507119
LOC000820,ACC0061,POL00226,South,LA,95184,31.5242,-84.2412,HZ-S-02,Hospitality,WOOD,1952,16,984031,277421,390479,1651931
LOC000821,ACC0157,POL00197,Central,MO,74927,42.44461,-98.7326,HZ-C-09,Residential,CONCRETE,1999,15,1265879,825676,315005,2406560
LOC000822,ACC0009,POL00278,North,NY,55587,42.15542,-79.4774,HZ-N-10,Residential,STEEL,1983,19,1691012,406771,691982,2789765
LOC000823,ACC0028,POL00284,South,FL,60870,32.04351,-81.42867,HZ-S-02,Industrial,CONCRETE,2004,19,1530024,930323,448317,2908664
LOC000824,ACC0034,POL00008,West,WA,46791,39.47732,-115.06648,HZ-W-08,Industrial,WOOD,1981,18,1190941,360889,399812,1951642
LOC000825,ACC0168,POL00312,South,LA,11617,27.46843,-94.62505,HZ-S-09,Residential,STEEL,2022,11,1755077,100963,645448,2501488
LOC000826,ACC0123,POL00327,Central,IL,82955,38.95918,-93.00341,HZ-C-12,Commercial,CONCRETE,1957,19,1961468,990403,18105,2969976
LOC000827,ACC0071,POL00133,Central,MO,74871,43.57964,-93.39341,HZ-C-09,Commercial,MASONRY,1972,5,3862476,1176470,329280,5368226
LOC000828,ACC0113,POL00297,Central,OK,51593,40.89141,-97.23617,HZ-C-17,Residential,MASONRY,1957,9,307952,507949,120005,935906
LOC000829,ACC0028,POL00040,Central,IL,76445,41.46487,-90.99132,HZ-C-12,Hospitality,WOOD,2015,3,2945364,760997,566693,4273054
LOC000830,ACC0037,POL00013,South,TX,52800,28.74373,-87.16226,HZ-S-10,Industrial,STEEL,2002,12,2492287,798797,714097,4005181
LOC000831,ACC0152,POL00014,East,VA,23924,36.94642,-76.96389,HZ-E-05,Commercial,STEEL,2015,17,2708506,85341,168100,2961947
LOC000832,ACC0098,POL00333,West,WA,20281,45.29163,-123.7066,HZ-W-05,Residential,MASONRY,2022,17,1543061,470612,397242,2410915
LOC000833,ACC0014,POL00311,Central,OK,71909,41.59741,-87.28607,HZ-C-17,Hospitality,STEEL,1984,7,2399455,896777,565148,3861380
LOC000834,ACC0060,POL00234,Central,MO,51263,37.18766,-88.48535,HZ-C-12,Residential,MASONRY,2006,14,3921302,531765,344650,4797717
LOC000835,ACC0059,POL00230,East,VA,64899,41.31708,-74.42669,HZ-E-20,Commercial,MASONRY,2018,8,2450727,1080411,80157,3611295
LOC000836,ACC0031,POL00042,West,OR,63543,36.16446,-121.41803,HZ-W-11,Hospitality,MASONRY,2023,16,2927401,309700,634960,3872061
LOC000837,ACC0142,POL00241,East,NJ,23237,34.1241,-78.15448,HZ-E-09,Commercial,WOOD,2005,1,3874338,397310,476126,4747774
LOC000838,ACC0033,POL00206,West,CA,82999,46.69797,-115.86166,HZ-W-12,Commercial,STEEL,1965,11,655232,1099817,555021,2310070
LOC000839,ACC0115,POL00210,Central,MO,92684,35.40714,-88.91877,HZ-C-12,Hospitality,CONCRETE,1987,16,2580838,246013,757260,3584111
LOC000840,ACC0095,POL00346,West,WA,95118,34.4361,-123.92995,HZ-W-19,Hospitality,CONCRETE,1991,15,869448,1088234,87859,2045541
LOC000841,ACC0145,POL00266,South,LA,78838,27.09037,-90.13413,HZ-S-02,Hospitality,STEEL,1991,13,2566589,605733,101605,3273927
LOC000842,ACC0133,POL00143,South,FL,85384,32.94146,-85.3803,HZ-S-14,Industrial,WOOD,1994,10,700609,107942,770310,1578861
LOC000843,ACC0156,POL00055,South,TX,40366,27.0127,-96.61358,HZ-S-09,Industrial,MASONRY,1962,7,1248603,1040549,460237,2749389
LOC000844,ACC0138,POL00100,East,NC,10873,38.78713,-78.72178,HZ-E-18,Hospitality,WOOD,1997,7,3266132,374109,28678,3668919
LOC000845,ACC0031,POL00228,South,LA,66657,26.13561,-90.92301,HZ-S-04,Hospitality,STEEL,1961,5,1888881,952864,546196,3387941
LOC000846,ACC0020,POL00168,Central,OK,30542,42.23277,-88.83584,HZ-C-08,Industrial,STEEL,2008,17,2904796,264239,370903,3539938
LOC000847,ACC0082,POL00098,West,CA,83160,38.93404,-115.60869,HZ-W-17,Residential,WOOD,1981,5,3064575,680204,40220,3784999
LOC000848,ACC0128,POL00145,East,NJ,27274,37.76092,-75.60845,HZ-E-06,Commercial,WOOD,2016,7,2924224,430367,278172,3632763
LOC000849,ACC0177,POL00135,North,NY,90396,41.04273,-78.21885,HZ-N-14,Hospitality,MASONRY,1994,16,2158107,1189659,640907,3988673
LOC000850,ACC0162,POL00201,East,NJ,88360,41.00031,-74.32417,HZ-E-16,Industrial,CONCRETE,1987,4,3782136,649356,243157,4674649
LOC000851,ACC0119,POL00164,South,TX,96587,27.22657,-91.50269,HZ-S-06,Residential,STEEL,2000,5,1859904,957789,341203,3158896
LOC000852,ACC0069,POL00260,West,OR,38194,38.59205,-121.88626,HZ-W-10,Hospitality,WOOD,2021,11,3623722,1045873,630255,5299850
LOC000853,ACC0069,POL00249,South,TX,38697,28.82679,-94.78601,HZ-S-02,Industrial,WOOD,1989,15,1824819,840779,463419,3129017
LOC000854,ACC0157,POL00169,East,NC,26936,35.64961,-74.62299,HZ-E-20,Residential,WOOD,1998,3,3772624,369249,562050,4703923
LOC000855,ACC0093,POL00275,West,OR,36009,33.01544,-123.55706,HZ-W-07,Commercial,CONCRETE,1979,10,3926163,759666,579751,5265580
LOC000856,ACC0010,POL00011,West,OR,79016,40.84722,-121.76167,HZ-W-01,Residential,CONCRETE,2012,2,1490420,886952,226088,2603460
LOC000857,ACC0032,POL00194,North,MA,95888,43.86206,-77.52691,HZ-N-09,Hospitality,MASONRY,1984,3,201688,502355,662233,1366276
LOC000858,ACC0039,POL00049,North,PA,87095,40.07371,-71.69748,HZ-N-20,Hospitality,MASONRY,1989,11,3128760,891115,21133,4041008
LOC000859,ACC0121,POL00193,East,NC,48173,37.67125,-78.30225,HZ-E-19,Hospitality,WOOD,1978,14,198280,653662,287361,1139303
LOC000860,ACC0101,POL00191,East,VA,81641,35.95691,-78.87951,HZ-E-16,Residential,CONCRETE,1978,19,1292956,1138209,531201,2962366
LOC000861,ACC0086,POL00074,Central,MO,92564,38.32839,-91.5527,HZ-C-10,Residential,WOOD,2021,6,3334671,506781,468802,4310254
LOC000862,ACC0134,POL00291,South,TX,40465,26.27198,-87.67023,HZ-S-16,Residential,CONCRETE,1982,14,2588939,544223,87963,3221125
LOC000863,ACC0002,POL00138,South,TX,37423,27.89299,-88.69375,HZ-S-14,Hospitality,CONCRETE,1990,8,3599406,335856,38283,3973545
LOC000864,ACC0027,POL00218,South,LA,20158,32.72788,-80.14489,HZ-S-03,Hospitality,MASONRY,1951,6,2125833,1098840,581757,3806430
LOC000865,ACC0127,POL00088,East,NJ,92072,40.95799,-78.20435,HZ-E-14,Hospitality,MASONRY,2020,14,797080,433909,458858,1689847
LOC000866,ACC0134,POL00166,East,VA,90622,39.75954,-72.83842,HZ-E-09,Industrial,MASONRY,1968,10,593180,933266,308515,1834961
LOC000867,ACC0085,POL00070,East,NJ,31527,38.83614,-75.69523,HZ-E-07,Hospitality,WOOD,1990,14,3467244,798574,544609,4810427
LOC000868,ACC0138,POL00235,South,TX,53389,31.31318,-96.01465,HZ-S-04,Residential,WOOD,2009,20,381219,31749,326988,739956
LOC000869,ACC0071,POL00146,North,MA,65858,41.72479,-79.85871,HZ-N-07,Industrial,STEEL,2001,9,2769018,1192635,237009,4198662
LOC000870,ACC0072,POL00092,East,NC,44463,38.74111,-78.27917,HZ-E-07,Residential,MASONRY,2016,19,2865588,444858,81239,3391685
LOC000871,ACC0054,POL00087,West,OR,10350,45.94139,-117.98353,HZ-W-16,Commercial,MASONRY,1961,20,1484792,601409,773078,2859279
LOC000872,ACC0131,POL00226,North,NY,65758,40.38894,-70.30158,HZ-N-05,Hospitality,STEEL,1988,17,2094240,20517,339044,2453801
LOC000873,ACC0080,POL00268,West,CA,51546,44.38271,-117.6438,HZ-W-12,Residential,MASONRY,1971,9,2449418,844698,395637,3689753
LOC000874,ACC0143,POL00223,West,OR,95471,43.1216,-121.74515,HZ-W-04,Industrial,MASONRY,1953,12,2450848,946200,513900,3910948
LOC000875,ACC0098,POL00192,Central,OK,33462,40.55277,-86.85558,HZ-C-07,Residential,MASONRY,2006,12,1551193,909355,224164,2684712
LOC000876,ACC0129,POL00007,East,NJ,89531,34.75287,-76.41793,HZ-E-09,Industrial,WOOD,1985,16,2558652,670936,344406,3573994
LOC000877,ACC0121,POL00312,East,NC,92868,39.00216,-72.20202,HZ-E-01,Hospitality,CONCRETE,1972,16,3053899,550659,287492,3892050
LOC000878,ACC0046,POL00068,West,WA,20855,32.6111,-123.74047,HZ-W-05,Hospitality,WOOD,1957,15,3248187,1164179,108933,4521299
LOC000879,ACC0005,POL00171,East,NJ,98079,36.21983,-73.03197,HZ-E-20,Industrial,MASONRY,2025,12,1418003,224420,570512,2212935
LOC000880,ACC0038,POL00137,East,NC,21005,39.35713,-78.54532,HZ-E-17,Commercial,CONCRETE,1955,9,1791030,893209,700157,3384396
LOC000881,ACC0080,POL00141,East,NC,83473,39.0824,-73.10513,HZ-E-01,Industrial,WOOD,1993,15,2220077,878262,181370,3279709
LOC000882,ACC0048,POL00163,East,NC,87483,34.93009,-78.36607,HZ-E-03,Residential,MASONRY,1951,7,461109,990992,92444,1544545
LOC000883,ACC0034,POL00159,East,VA,16990,40.69847,-74.50378,HZ-E-07,Hospitality,STEEL,1972,9,440891,537434,322733,1301058
LOC000884,ACC0067,POL00226,North,MA,44674,41.364,-78.00775,HZ-N-10,Residential,CONCRETE,1995,19,1836369,493873,197389,2527631
LOC000885,ACC0099,POL00080,East,NC,80510,39.49632,-77.80668,HZ-E-19,Commercial,CONCRETE,1994,10,2293800,963032,661679,3918511
LOC000886,ACC0067,POL00112,South,LA,71300,32.14866,-98.18485,HZ-S-07,Industrial,WOOD,1964,17,2212944,1176812,779230,4168986
LOC000887,ACC0169,POL00302,West,CA,14436,41.38913,-120.64946,HZ-W-13,Industrial,WOOD,1995,1,2093174,313213,489943,2896330
LOC000888,ACC0079,POL00084,North,MA,71189,44.5149,-78.12888,HZ-N-12,Commercial,WOOD,2006,20,1503885,726052,679352,2909289
LOC000889,ACC0096,POL00308,East,NC,54286,37.19467,-73.16133,HZ-E-09,Hospitality,CONCRETE,1988,2,3012937,932195,766461,4711593
LOC000890,ACC0103,POL00304,Central,IL,13742,38.78887,-88.38891,HZ-C-19,Commercial,MASONRY,1988,20,3300979,1083173,113094,4497246
LOC000891,ACC0024,POL00159,Central,OK,28541,40.97066,-88.17146,HZ-C-02,Industrial,CONCRETE,2000,6,932410,312655,136200,1381265
LOC000892,ACC0053,POL00224,East,NC,21818,36.41026,-78.43737,HZ-E-08,Commercial,MASONRY,2021,12,718622,440282,180426,1339330
LOC000893,ACC0121,POL00343,North,NY,59321,42.74915,-76.05953,HZ-N-07,Hospitality,MASONRY,1962,13,1545826,229533,493670,2269029
LOC000894,ACC0153,POL00202,North,NY,80007,44.09896,-72.69628,HZ-N-14,Residential,STEEL,2012,19,1777233,706003,296951,2780187
LOC000895,ACC0157,POL00307,North,PA,62190,41.8114,-74.98544,HZ-N-01,Residential,MASONRY,1967,16,847257,513161,387063,1747481
LOC000896,ACC0039,POL00146,South,FL,50775,28.05628,-86.9191,HZ-S-14,Hospitality,CONCRETE,1954,9,1366419,933101,97360,2396880
LOC000897,ACC0022,POL00178,Central,MO,99923,41.14106,-87.48651,HZ-C-15,Residential,CONCRETE,1951,6,852952,362974,417559,1633485
LOC000898,ACC0109,POL00028,South,LA,49708,29.09223,-90.27721,HZ-S-13,Hospitality,STEEL,1964,20,2226388,825285,719636,3771309
LOC000899,ACC0029,POL00092,West,OR,65583,43.39238,-116.40248,HZ-W-12,Hospitality,WOOD,1969,1,2205798,801871,496550,3504219
LOC000900,ACC0112,POL00025,South,LA,70917,29.63407,-87.7096,HZ-S-15,Industrial,WOOD,1965,16,2575281,560722,207212,3343215
LOC000901,ACC0139,POL00137,East,NJ,33426,37.40562,-74.27503,HZ-E-01,Industrial,STEEL,2003,1,3829432,794470,264583,4888485
LOC000902,ACC0102,POL00128,East,VA,32968,34.89347,-73.87667,HZ-E-18,Residential,WOOD,1966,5,2767504,94690,624719,3486913
LOC000903,ACC0135,POL00292,East,VA,70085,41.77482,-74.17706,HZ-E-08,Residential,WOOD,1991,12,3844325,596079,362163,4802567
LOC000904,ACC0164,POL00155,North,PA,65381,42.56316,-72.74601,HZ-N-11,Hospitality,WOOD,1973,9,3135880,232069,400464,3768413
LOC000905,ACC0067,POL00156,West,WA,90685,47.44256,-116.8572,HZ-W-19,Commercial,WOOD,1997,19,3803257,186269,454489,4444015
LOC000906,ACC0047,POL00348,East,VA,47344,38.0125,-78.6798,HZ-E-13,Industrial,WOOD,2002,7,1252539,409469,290302,1952310
LOC000907,ACC0025,POL00114,North,MA,39468,41.33527,-74.00921,HZ-N-11,Residential,STEEL,1978,3,2856550,292141,288115,3436806
LOC000908,ACC0100,POL00244,East,NC,83093,37.36612,-74.83338,HZ-E-18,Residential,STEEL,1993,11,3086485,986040,616472,4688997
LOC000909,ACC0173,POL00200,South,TX,43514,29.49077,-89.35519,HZ-S-06,Hospitality,WOOD,2023,3,736605,988774,778642,2504021
LOC000910,ACC0075,POL00162,East,NC,69178,39.98409,-75.29286,HZ-E-10,Hospitality,WOOD,1969,20,1548289,194256,217633,1960178
LOC000911,ACC0143,POL00252,East,NC,40765,41.96661,-78.83614,HZ-E-10,Hospitality,MASONRY,1998,20,1574827,924985,435571,2935383
LOC000912,ACC0046,POL00082,Central,IL,62575,36.90175,-98.34051,HZ-C-10,Hospitality,STEEL,1977,14,506762,849947,228909,1585618
LOC000913,ACC0129,POL00275,Central,MO,79796,35.95075,-86.72863,HZ-C-11,Hospitality,MASONRY,2001,16,1439675,781632,660891,2882198
LOC000914,ACC0001,POL00273,West,OR,53785,46.78257,-122.40136,HZ-W-10,Hospitality,MASONRY,1962,13,3565075,962577,164592,4692244
LOC000915,ACC0157,POL00318,East,VA,75976,39.09134,-74.66787,HZ-E-05,Residential,CONCRETE,1952,11,1854349,880448,198049,2932846
LOC000916,ACC0168,POL00200,East,NJ,82359,34.72773,-76.40793,HZ-E-20,Commercial,MASONRY,2008,12,2487843,1009674,717606,4215123
LOC000917,ACC0017,POL00016,West,CA,37132,46.74217,-121.09548,HZ-W-10,Hospitality,CONCRETE,1981,20,834888,1010209,747417,2592514
LOC000918,ACC0085,POL00082,East,NJ,42094,38.00172,-78.2219,HZ-E-20,Hospitality,WOOD,1950,2,3441826,390939,483819,4316584
LOC000919,ACC0067,POL00276,West,OR,25857,45.7947,-123.36671,HZ-W-14,Residential,CONCRETE,2011,2,3736724,1110031,493050,5339805
LOC000920,ACC0110,POL00064,South,TX,23582,28.59486,-81.4522,HZ-S-15,Commercial,STEEL,2024,4,3574174,103689,381024,4058887
LOC000921,ACC0068,POL00050,West,OR,53257,46.60759,-116.84002,HZ-W-07,Residential,CONCRETE,2012,8,1831798,732684,148845,2713327
LOC000922,ACC0071,POL00305,West,OR,14685,44.59798,-117.70394,HZ-W-19,Commercial,MASONRY,2016,10,1338544,952544,346723,2637811
LOC000923,ACC0146,POL00325,North,MA,49943,41.45609,-70.55208,HZ-N-06,Hospitality,CONCRETE,1987,5,2463655,780687,748476,3992818
LOC000924,ACC0008,POL00109,West,WA,86445,36.67733,-120.54196,HZ-W-08,Industrial,MASONRY,2024,1,639190,327287,636956,1603433
LOC000925,ACC0165,POL00080,South,LA,86957,29.29277,-81.99992,HZ-S-12,Industrial,STEEL,1998,16,2233187,1103845,425558,3762590
LOC000926,ACC0088,POL00116,West,WA,50541,46.35414,-123.87191,HZ-W-03,Commercial,MASONRY,1969,9,2121874,387813,507509,3017196
LOC000927,ACC0164,POL00007,East,NC,78697,35.57554,-75.50847,HZ-E-19,Commercial,MASONRY,1996,2,3410456,270801,681570,4362827
LOC000928,ACC0021,POL00029,East,NJ,68541,36.17179,-72.26841,HZ-E-18,Commercial,MASONRY,1982,6,1482086,1084129,70461,2636676
LOC000929,ACC0156,POL00137,West,WA,82348,43.0342,-119.89541,HZ-W-02,Industrial,WOOD,1974,3,3696710,533984,239431,4470125
LOC000930,ACC0123,POL00238,Central,IL,22880,36.86959,-96.34089,HZ-C-19,Residential,STEEL,1959,7,2291765,654935,63821,3010521
LOC000931,ACC0125,POL00154,East,VA,84623,34.79901,-74.87437,HZ-E-20,Residential,CONCRETE,1964,15,449747,1018319,206984,1675050
LOC000932,ACC0127,POL00324,West,CA,33138,36.02796,-120.33548,HZ-W-09,Industrial,CONCRETE,2015,10,2570183,976834,519,3547536
LOC000933,ACC0080,POL00321,Central,MO,67677,38.07028,-89.83236,HZ-C-17,Residential,MASONRY,2012,1,1208134,1136083,261118,2605335
LOC000934,ACC0025,POL00227,South,LA,54883,26.60916,-84.79124,HZ-S-10,Commercial,MASONRY,1963,8,2073446,1059742,171055,3304243
LOC000935,ACC0054,POL00293,South,LA,98065,29.24688,-86.30507,HZ-S-20,Commercial,STEEL,1970,7,1380872,691121,556164,2628157
LOC000936,ACC0122,POL00335,West,CA,88017,42.60145,-121.06887,HZ-W-17,Hospitality,STEEL,1979,9,3675045,351230,639760,4666035
LOC000937,ACC0116,POL00158,East,VA,65744,36.66978,-76.52246,HZ-E-11,Hospitality,CONCRETE,1950,13,1655210,324058,321107,2300375
LOC000938,ACC0054,POL00339,North,MA,43545,43.83524,-79.8052,HZ-N-07,Industrial,STEEL,1953,11,1583156,313455,479083,2375694
LOC000939,ACC0129,POL00226,East,VA,45908,39.91214,-73.41768,HZ-E-20,Residential,WOOD,1981,6,1466022,1190353,587173,3243548
LOC000940,ACC0064,POL00144,South,TX,89522,32.03105,-92.19874,HZ-S-16,Hospitality,WOOD,1962,2,3125200,1005392,48234,4178826
LOC000941,ACC0019,POL00167,East,VA,64234,41.38885,-78.22278,HZ-E-05,Commercial,MASONRY,2025,10,2356098,794790,459406,3610294
LOC000942,ACC0143,POL00272,East,NC,48196,36.62274,-75.1739,HZ-E-09,Residential,MASONRY,1958,11,469120,939100,257138,1665358
LOC000943,ACC0059,POL00236,Central,MO,57474,42.96127,-97.2379,HZ-C-15,Industrial,MASONRY,1983,9,3896279,954995,783572,5634846
LOC000944,ACC0013,POL00271,East,NJ,17901,37.28623,-76.22584,HZ-E-16,Industrial,WOOD,2022,14,688334,269960,673437,1631731
LOC000945,ACC0020,POL00290,Central,OK,22077,39.42809,-91.37777,HZ-C-03,Residential,MASONRY,2015,3,3761966,705915,564982,5032863
LOC000946,ACC0120,POL00232,East,VA,29949,34.58467,-74.21233,HZ-E-09,Industrial,WOOD,1973,19,2658657,420320,788432,3867409
LOC000947,ACC0100,POL00010,South,LA,11119,28.61319,-94.12372,HZ-S-20,Commercial,STEEL,2004,5,3376225,926802,22527,4325554
LOC000948,ACC0091,POL00296,South,FL,30002,29.11978,-86.69196,HZ-S-19,Commercial,MASONRY,1976,10,2551052,704970,558224,3814246
LOC000949,ACC0081,POL00118,South,FL,96267,29.86069,-80.90679,HZ-S-11,Commercial,MASONRY,1988,6,2337334,102738,133508,2573580
LOC000950,ACC0032,POL00193,East,VA,13332,34.21837,-72.85654,HZ-E-15,Hospitality,MASONRY,1998,2,1077184,475576,372605,1925365
LOC000951,ACC0130,POL00297,East,VA,77698,38.72174,-78.12745,HZ-E-06,Residential,MASONRY,1976,4,933147,451242,398988,1783377
LOC000952,ACC0024,POL00260,Central,OK,57167,43.95822,-93.77308,HZ-C-07,Hospitality,STEEL,2015,4,2636918,771599,786099,4194616
LOC000953,ACC0093,POL00159,Central,IL,18559,38.60278,-87.1376,HZ-C-12,Hospitality,STEEL,1979,3,130432,816978,440416,1387826
LOC000954,ACC0012,POL00073,West,OR,42636,47.22095,-121.52755,HZ-W-11,Commercial,WOOD,1966,17,3773966,1008516,16619,4799101
LOC000955,ACC0096,POL00317,North,PA,64378,42.98102,-77.90174,HZ-N-10,Commercial,CONCRETE,1972,6,2070537,101769,64153,2236459
LOC000956,ACC0008,POL00255,Central,IL,36748,42.9117,-98.35913,HZ-C-06,Industrial,CONCRETE,1997,9,3212033,400873,382801,3995707
LOC000957,ACC0105,POL00024,East,NJ,80710,34.22798,-75.70648,HZ-E-05,Hospitality,MASONRY,1970,4,3385267,74169,347688,3807124
LOC000958,ACC0138,POL00226,North,NY,27616,40.56205,-75.24311,HZ-N-14,Residential,STEEL,2010,16,486395,900558,69547,1456500
LOC000959,ACC0123,POL00253,Central,MO,84873,39.85987,-85.64642,HZ-C-04,Commercial,MASONRY,1978,17,637703,697121,688258,2023082
LOC000960,ACC0027,POL00128,North,NY,39651,40.47395,-75.96161,HZ-N-20,Industrial,MASONRY,1988,11,1046032,192362,779286,2017680
LOC000961,ACC0084,POL00217,West,OR,59121,41.23467,-116.04775,HZ-W-05,Commercial,WOOD,1999,2,2903289,1110344,542013,4555646
LOC000962,ACC0102,POL00166,West,CA,11535,32.54582,-116.84705,HZ-W-06,Hospitality,CONCRETE,1994,7,160069,319797,665458,1145324
LOC000963,ACC0031,POL00144,East,NC,95912,37.62555,-77.16037,HZ-E-15,Industrial,STEEL,1973,9,1801448,968131,225272,2994851
LOC000964,ACC0133,POL00135,South,TX,18272,30.96923,-86.63975,HZ-S-11,Industrial,CONCRETE,1953,18,3338035,1171128,478482,4987645
LOC000965,ACC0079,POL00232,North,NY,67168,42.75232,-77.04287,HZ-N-12,Residential,MASONRY,2000,17,2018614,253071,126120,2397805
LOC000966,ACC0039,POL00289,South,LA,79541,31.60071,-92.92127,HZ-S-20,Residential,STEEL,2019,8,1030536,55062,208328,1293926
LOC000967,ACC0058,POL00078,West,WA,80886,33.60221,-122.50928,HZ-W-20,Hospitality,MASONRY,1985,2,799414,805324,166461,1771199
LOC000968,ACC0083,POL00070,Central,MO,49320,43.74808,-86.59383,HZ-C-15,Residential,WOOD,1982,18,1343596,837411,547093,2728100
LOC000969,ACC0042,POL00125,West,CA,61280,44.08271,-122.73727,HZ-W-16,Commercial,CONCRETE,2000,19,3971561,160120,62099,4193780
LOC000970,ACC0173,POL00078,South,TX,36978,26.26396,-91.97119,HZ-S-19,Hospitality,MASONRY,1985,11,395831,494596,289635,1180062
LOC000971,ACC0060,POL00339,North,NY,67445,40.51306,-73.71454,HZ-N-16,Industrial,WOOD,2019,20,2283639,672551,549706,3505896
LOC000972,ACC0029,POL00321,East,NJ,71148,41.5959,-78.7132,HZ-E-09,Hospitality,MASONRY,2012,10,3791939,735919,285320,4813178
LOC000973,ACC0108,POL00030,South,FL,93631,32.82425,-86.70179,HZ-S-14,Residential,STEEL,1985,9,471501,780321,253013,1504835
LOC000974,ACC0063,POL00300,West,OR,74877,33.32949,-123.08982,HZ-W-16,Commercial,CONCRETE,1984,4,1860120,546907,373986,2781013
LOC000975,ACC0171,POL00196,Central,OK,15518,42.53671,-94.36266,HZ-C-17,Residential,WOOD,2023,4,2146241,1195811,636108,3978160
LOC000976,ACC0118,POL00294,North,NY,78519,43.59145,-79.60135,HZ-N-15,Residential,CONCRETE,2005,1,1612888,904640,412871,2930399
LOC000977,ACC0117,POL00130,South,FL,57000,27.63049,-91.75712,HZ-S-01,Industrial,STEEL,1981,9,201269,709883,103603,1014755
LOC000978,ACC0054,POL00286,East,NJ,81732,41.92781,-77.15778,HZ-E-06,Industrial,CONCRETE,1994,6,1461103,980924,733064,3175091
LOC000979,ACC0082,POL00157,Central,IL,23277,39.84411,-87.92266,HZ-C-08,Residential,CONCRETE,1990,20,1499904,757787,646345,2904036
LOC000980,ACC0087,POL00225,East,NJ,57377,36.11744,-74.04823,HZ-E-12,Commercial,MASONRY,1991,1,3273261,822572,211968,4307801
LOC000981,ACC0138,POL00092,North,PA,62162,43.21154,-77.03796,HZ-N-18,Residential,MASONRY,1961,3,1402447,1081409,734242,3218098
LOC000982,ACC0035,POL00198,West,WA,23582,43.45421,-119.20455,HZ-W-13,Industrial,WOOD,1991,8,1797170,572327,152846,2522343
LOC000983,ACC0058,POL00113,East,NJ,42158,39.34017,-77.08348,HZ-E-16,Commercial,CONCRETE,1977,5,1131394,1169212,162541,2463147
LOC000984,ACC0050,POL00212,North,NY,34386,42.07263,-74.48774,HZ-N-19,Hospitality,CONCRETE,1983,12,187132,1033497,460272,1680901
LOC000985,ACC0139,POL00183,West,OR,20097,46.40085,-115.5677,HZ-W-11,Commercial,STEEL,1981,18,1909064,796425,382221,3087710
LOC000986,ACC0059,POL00179,East,NJ,94536,37.8059,-76.80561,HZ-E-20,Commercial,CONCRETE,1984,19,3948187,1084207,742762,5775156
LOC000987,ACC0006,POL00287,Central,MO,68781,40.31957,-99.03013,HZ-C-06,Residential,STEEL,2011,5,2695460,938281,521281,4155022
LOC000988,ACC0154,POL00252,North,MA,66469,41.26006,-71.03471,HZ-N-01,Commercial,CONCRETE,1977,15,374360,599003,597429,1570792
LOC000989,ACC0105,POL00074,South,LA,80728,27.09308,-84.03167,HZ-S-17,Industrial,WOOD,1956,12,2929761,658920,346589,3935270
LOC000990,ACC0064,POL00308,East,NJ,33506,37.30969,-77.87155,HZ-E-07,Commercial,WOOD,2013,4,2674675,153439,555506,3383620
LOC000991,ACC0047,POL00050,South,FL,50789,28.43162,-90.51185,HZ-S-11,Industrial,MASONRY,2005,9,1792633,832543,427372,3052548
LOC000992,ACC0087,POL00232,East,NJ,22324,35.81312,-72.10055,HZ-E-03,Industrial,WOOD,1957,18,1192639,861855,210351,2264845
LOC000993,ACC0084,POL00197,North,MA,50142,44.818,-74.70879,HZ-N-01,Residential,STEEL,1958,6,500515,373397,1812,875724
LOC000994,ACC0154,POL00192,South,LA,85233,26.96536,-93.09504,HZ-S-05,Commercial,CONCRETE,1972,17,2189607,401234,561212,3152053
LOC000995,ACC0080,POL00150,North,MA,24126,44.44117,-72.06353,HZ-N-04,Industrial,MASONRY,2025,17,227262,101315,563703,892280
LOC000996,ACC0117,POL00338,South,FL,81824,26.39727,-87.73617,HZ-S-11,Hospitality,CONCRETE,1964,18,2187299,425085,632819,3245203
LOC000997,ACC0011,POL00184,North,NY,17683,44.80194,-75.09232,HZ-N-13,Hospitality,WOOD,2016,3,1633829,316498,251082,2201409
LOC000998,ACC0140,POL00330,West,OR,36336,41.20139,-119.21267,HZ-W-13,Industrial,STEEL,1967,15,3924647,1125906,590344,5640897
LOC000999,ACC0126,POL00054,West,OR,52141,38.96222,-123.2585,HZ-W-01,Hospitality,CONCRETE,1989,16,2727057,914056,423874,4064987
LOC001000,ACC0079,POL00301,Central,MO,84878,42.48131,-97.17882,HZ-C-03,Commercial,STEEL,1956,18,3333148,135585,553176,4021909
